league,season,team,player,nation,pos,age,born,90s,Goals,Goals,Goals,Goals,Goals,Expected,Expected,Expected,Expected,Launched,Launched,Launched,Passes,Passes,Passes,Passes,Goal Kicks,Goal Kicks,Goal Kicks,Crosses,Crosses,Crosses,Sweeper,Sweeper,Sweeper
,,,,,,,,,GA,PKA,FK,CK,OG,PSxG,PSxG/SoT,PSxG+/-,/90,Cmp,Att,Cmp%,Att (GK),Thr,Launch%,AvgLen,Att,Launch%,AvgLen,Opp,Stp,Stp%,#OPA,#OPA/90,AvgDist
AUT-Bundesliga,2024-25,Austria Wien,Samuel Şahin-Radlinger,AUT,GK,31,1992,32.0,32,2,,,,,,,,,,,,,,,,,,,,,,,
AUT-Bundesliga,2024-25,Blau-Weiß Linz,Andreas Lukse,AUT,GK,36,1987,4.0,5,1,,,,,,,,,,,,,,,,,,,,,,,
AUT-Bundesliga,2024-25,Blau-Weiß Linz,Nicolas Schmid,AUT,GK,27,1997,2.0,5,0,,,,,,,,,,,,,,,,,,,,,,,
AUT-Bundesliga,2024-25,Blau-Weiß Linz,Radek Vítek,,GK,20,2003,26.0,35,4,,,,,,,,,,,,,,,,,,,,,,,
AUT-Bundesliga,2024-25,Grazer AK,Florian Wiegele,AUT,GK,23,2001,15.0,19,3,,,,,,,,,,,,,,,,,,,,,,,
AUT-Bundesliga,2024-25,Grazer AK,Jakob Meierhofer,AUT,GK,26,1997,17.0,35,7,,,,,,,,,,,,,,,,,,,,,,,
AUT-Bundesliga,2024-25,Hartberg,Luka Marić,AUT,GK,22,2002,1.0,0,0,,,,,,,,,,,,,,,,,,,,,,,
AUT-Bundesliga,2024-25,Hartberg,Raphael Sallinger,AUT,GK,28,1995,31.0,40,2,,,,,,,,,,,,,,,,,,,,,,,
AUT-Bundesliga,2024-25,LASK,Jörg Siebenhandl,AUT,GK,34,1990,9.9,16,0,,,,,,,,,,,,,,,,,,,,,,,
AUT-Bundesliga,2024-25,LASK,Lukas Jungwirth,AUT,GK,20,2004,2.5,5,0,,,,,,,,,,,,,,,,,,,,,,,
AUT-Bundesliga,2024-25,LASK,Tobias Lawal,AUT,GK,24,2000,17.6,14,2,,,,,,,,,,,,,,,,,,,,,,,
AUT-Bundesliga,2024-25,LASK,Tobias Schützenauer,AUT,GK,27,1997,2.0,1,0,,,,,,,,,,,,,,,,,,,,,,,
AUT-Bundesliga,2024-25,RB Salzburg,Alexander Schlager,AUT,GK,28,1996,21.0,22,0,,,,,,,,,,,,,,,,,,,,,,,
AUT-Bundesliga,2024-25,RB Salzburg,Janis Blaswich,GER,GK,33,1991,11.0,14,1,,,,,,,,,,,,,,,,,,,,,,,
AUT-Bundesliga,2024-25,Rapid Wien,Niklas Hedl,AUT,GK,23,2001,29.3,35,2,,,,,,,,,,,,,,,,,,,,,,,
AUT-Bundesliga,2024-25,Rapid Wien,Paul Gartler,AUT,GK,27,1997,2.7,7,0,,,,,,,,,,,,,,,,,,,,,,,
AUT-Bundesliga,2024-25,SCR Altach,Ammar Helac,AUT,GK,26,1998,3.0,2,0,,,,,,,,,,,,,,,,,,,,,,,
AUT-Bundesliga,2024-25,SCR Altach,Dejan Stojanović,AUT,GK,31,1993,29.0,44,3,,,,,,,,,,,,,,,,,,,,,,,
AUT-Bundesliga,2024-25,SK Austria Klagenfurt,Marco Knaller,AUT,GK,37,1987,5.0,8,2,,,,,,,,,,,,,,,,,,,,,,,
AUT-Bundesliga,2024-25,SK Austria Klagenfurt,Simon Spari,AUT,GK,22,2002,27.0,62,5,,,,,,,,,,,,,,,,,,,,,,,
AUT-Bundesliga,2024-25,Sturm Graz,Daniil Khudiakov,RUS,GK,20,2004,2.0,1,0,,,,,,,,,,,,,,,,,,,,,,,
AUT-Bundesliga,2024-25,Sturm Graz,Kjell Scherpen,NED,GK,24,2000,30.0,38,2,,,,,,,,,,,,,,,,,,,,,,,
AUT-Bundesliga,2024-25,WSG Tirol,Adam Stejskal,CZE,GK,21,2002,31.1,50,2,,,,,,,,,,,,,,,,,,,,,,,
AUT-Bundesliga,2024-25,WSG Tirol,David Gugganig,AUT,DF,27,1997,22.3,0,0,,,,,,,,,,,,,,,,,,,,,,,
AUT-Bundesliga,2024-25,Wolfsberger AC,Lukas Gütlbauer,AUT,GK,23,2000,2.0,4,0,,,,,,,,,,,,,,,,,,,,,,,
AUT-Bundesliga,2024-25,Wolfsberger AC,Nikolas Polster,AUT,GK,22,2002,30.0,34,5,,,,,,,,,,,,,,,,,,,,,,,
BEL-Belgian Pro League,2024-25,Anderlecht,Colin Coosemans,BEL,GK,31,1992,28.0,25,0,0,3,0,39.0,0.3,14.0,0.5,161,396,40.7,1227,105,29.4,31.1,93,37.6,35.3,383,21,5.5,35,1.25,14.2
BEL-Belgian Pro League,2024-25,Anderlecht,Mads Kikkenborg,DEN,GK,24,1999,2.0,2,0,0,0,0,4.2,0.44,2.2,1.1,9,30,30.0,71,10,33.8,31.2,6,100.0,60.2,37,1,2.7,3,1.5,12.6
BEL-Belgian Pro League,2024-25,Antwerp,Senne Lammens,BEL,GK,22,2002,30.0,32,2,0,5,2,44.5,0.25,14.5,0.5,137,369,37.1,983,167,32.0,33.6,142,38.0,35.6,394,44,11.2,21,0.72,10.5
BEL-Belgian Pro League,2024-25,Beerschot,Davor Matijas,CRO,GK,24,1999,9.5,22,6,0,3,0,20.2,0.36,2.2,0.26,25,93,26.9,297,37,27.6,31.1,43,25.6,30.8,125,4,3.2,15,1.77,16.5
BEL-Belgian Pro League,2024-25,Beerschot,Nick Shinton,BEL,GK,23,2001,20.5,37,4,2,5,1,40.2,0.32,4.2,0.21,84,322,26.1,662,78,39.4,34.8,106,57.5,45.3,361,11,3.0,27,1.32,13.0
BEL-Belgian Pro League,2024-25,Cercle Brugge,Maxime Delanghe,BEL,GK,23,2001,20.9,27,2,0,4,0,29.0,0.3,2.0,0.1,105,413,25.4,427,39,69.1,46.8,129,91.5,61.2,263,6,2.3,34,1.63,14.8
BEL-Belgian Pro League,2024-25,Cercle Brugge,Warleson,BRA,GK,27,1996,9.1,17,0,0,2,0,21.4,0.47,4.4,0.48,71,199,35.7,198,16,76.8,47.6,50,94.0,62.0,88,5,5.7,28,3.09,20.7
BEL-Belgian Pro League,2024-25,Charleroi,Martin Delavallée,BEL,GK,20,2004,8.0,13,0,0,3,0,14.4,0.31,1.4,0.18,50,116,43.1,231,58,36.4,33.8,46,69.6,47.5,96,5,5.2,11,1.38,16.1
BEL-Belgian Pro League,2024-25,Charleroi,Mohamed Koné,CIV,GK,22,2002,21.0,21,3,0,3,1,23.8,0.28,3.8,0.18,118,289,40.8,652,85,37.0,34.8,82,58.5,44.0,246,28,11.4,33,1.57,13.6
BEL-Belgian Pro League,2024-25,Charleroi,Théo Defourny,BEL,GK,32,1992,1.0,2,0,0,0,0,1.5,0.37,-0.5,-0.52,1,10,10.0,24,3,37.5,34.6,5,20.0,23.8,9,0,0.0,1,1.0,13.7
BEL-Belgian Pro League,2024-25,Club Brugge,Nordin Jackers,BEL,GK,26,1997,0.3,1,0,0,0,0,0.8,0.32,-0.2,-0.7,3,4,75.0,28,4,14.3,25.1,0,,,2,2,100.0,0,0.0,9.3
BEL-Belgian Pro League,2024-25,Club Brugge,Simon Mignolet,BEL,GK,36,1988,29.7,35,3,0,2,2,36.0,0.32,3.0,0.1,144,301,47.8,920,112,28.0,30.0,143,30.1,31.7,374,17,4.5,27,0.91,13.7
BEL-Belgian Pro League,2024-25,Dender,Guillaume Dietsch,FRA,GK,23,2001,0.5,1,0,0,0,0,0.8,0.4,-0.2,-0.37,0,1,0.0,5,2,20.0,28.6,0,,,2,0,0.0,0,0.0,
BEL-Belgian Pro League,2024-25,Dender,Julien Devriendt,BEL,GK,25,1998,3.5,9,1,0,1,0,7.2,0.26,-1.8,-0.51,13,42,31.0,77,23,46.8,38.0,16,37.5,38.6,49,2,4.1,7,2.0,17.4
BEL-Belgian Pro League,2024-25,Dender,Michael Verrips,NED,GK,27,1996,26.0,41,7,1,3,2,45.0,0.31,6.0,0.23,147,412,35.7,546,64,55.3,41.2,175,62.9,44.7,435,19,4.4,4,0.15,9.3
BEL-Belgian Pro League,2024-25,Genk,Hendrik Van Crombrugge,BEL,GK,31,1993,19.0,24,0,0,3,0,23.2,0.34,-0.8,-0.04,103,237,43.5,673,63,29.9,30.4,80,45.0,39.0,253,6,2.4,9,0.47,11.6
BEL-Belgian Pro League,2024-25,Genk,Mike Penders,BEL,GK,19,2005,11.0,8,1,0,0,0,10.2,0.3,2.2,0.2,60,129,46.5,386,37,28.2,30.0,49,40.8,35.1,121,13,10.7,3,0.27,10.1
BEL-Belgian Pro League,2024-25,Gent,Daniel Schmidt,JPN,GK,32,1992,1.0,0,0,0,0,0,2.1,0.41,2.1,2.07,2,11,18.2,37,5,27.0,29.9,2,50.0,39.5,7,1,14.3,0,0.0,4.0
BEL-Belgian Pro League,2024-25,Gent,Davy Roef,BEL,GK,30,1994,26.0,30,1,1,2,1,45.7,0.32,16.7,0.64,104,265,39.2,692,166,26.6,30.3,215,37.7,32.3,431,29,6.7,14,0.54,10.1
BEL-Belgian Pro League,2024-25,Gent,Tom Vandenberghe,BEL,GK,31,1992,3.0,3,0,0,0,0,4.4,0.4,1.4,0.46,20,49,40.8,105,20,41.9,35.0,13,38.5,33.1,41,1,2.4,1,0.33,10.1
BEL-Belgian Pro League,2024-25,Kortrijk,Lucas Pirard,BEL,GK,29,1995,6.0,10,1,1,0,0,14.7,0.49,4.7,0.79,36,88,40.9,138,31,45.7,36.4,37,67.6,43.5,88,4,4.5,12,1.99,15.8
BEL-Belgian Pro League,2024-25,Kortrijk,Marko Ilić,SRB,GK,26,1998,4.7,9,0,0,1,1,10.1,0.37,2.1,0.43,28,64,43.8,85,24,50.6,36.2,26,80.8,47.0,62,4,6.5,4,0.85,15.3
BEL-Belgian Pro League,2024-25,Kortrijk,Patrik Gunnarsson,ISL,GK,23,2000,10.2,16,0,0,1,1,14.9,0.41,-0.1,-0.01,65,176,36.9,243,56,49.8,39.6,77,71.4,52.7,179,11,6.1,7,0.68,12.4
BEL-Belgian Pro League,2024-25,Kortrijk,Tom Vandenberghe,BEL,GK,31,1992,9.0,20,1,1,2,1,17.3,0.34,-1.7,-0.19,45,112,40.2,186,47,47.8,37.9,46,50.0,42.0,124,13,10.5,6,0.67,12.2
BEL-Belgian Pro League,2024-25,Mechelen,Ortwin De Wolf,BEL,GK,27,1997,30.0,40,5,0,5,4,45.3,0.3,9.3,0.31,130,372,34.9,937,150,31.1,32.7,225,36.0,34.1,473,32,6.8,23,0.77,11.4
BEL-Belgian Pro League,2024-25,OH Leuven,Maxence Prevot,FRA,GK,27,1997,1.0,1,0,0,0,0,2.4,0.48,1.4,1.36,14,26,53.8,36,5,50.0,39.2,8,100.0,62.6,29,2,6.9,1,1.0,14.0
BEL-Belgian Pro League,2024-25,OH Leuven,Tobe Leysen,BEL,GK,22,2002,29.0,32,4,0,5,2,40.9,0.29,10.9,0.38,171,511,33.5,1023,158,37.0,36.0,210,63.3,50.8,462,29,6.3,28,0.97,12.1
BEL-Belgian Pro League,2024-25,Sint-Truiden,Jo Coppens,BEL,GK,33,1990,3.0,11,1,0,0,0,9.0,0.49,-2.0,-0.68,12,47,25.5,96,9,46.9,38.4,10,20.0,34.0,50,1,2.0,0,0.0,6.7
BEL-Belgian Pro League,2024-25,Sint-Truiden,Leo Kokubo,JPN,GK,23,2001,27.0,45,9,0,7,2,45.0,0.31,2.0,0.07,113,318,35.5,749,103,34.8,32.6,172,33.1,32.7,485,21,4.3,36,1.33,13.5
BEL-Belgian Pro League,2024-25,Standard Liège,Arnaud Bodart,BEL,GK,26,1998,2.0,1,0,0,0,0,2.6,0.48,1.6,0.82,18,56,32.1,47,4,85.1,51.4,16,100.0,62.7,40,8,20.0,9,4.5,14.8
BEL-Belgian Pro League,2024-25,Standard Liège,Gavin Bazunu,IRL,GK,22,2002,6.0,12,0,0,1,0,11.5,0.46,-0.5,-0.08,25,92,27.2,178,25,39.9,36.7,28,75.0,54.4,77,0,0.0,15,2.5,17.4
BEL-Belgian Pro League,2024-25,Standard Liège,Laurent Henkinet,BEL,GK,31,1992,3.5,1,0,0,0,0,2.5,0.19,1.5,0.43,19,72,26.4,76,12,68.4,43.9,27,74.1,46.3,93,9,9.7,2,0.57,7.4
BEL-Belgian Pro League,2024-25,Standard Liège,Matthieu Epolo,BEL,GK,20,2004,18.5,21,0,1,4,1,26.2,0.28,6.2,0.34,114,341,33.4,399,58,55.6,41.1,143,83.2,53.1,279,18,6.5,17,0.92,11.1
BEL-Belgian Pro League,2024-25,Union SG,Anthony Moris,LUX,GK,34,1990,30.0,25,1,1,6,0,33.7,0.35,8.7,0.29,194,444,43.7,874,99,44.4,38.7,100,56.0,44.1,411,19,4.6,25,0.83,12.3
BEL-Belgian Pro League,2024-25,Westerlo,Andreas Jungdal,DEN,GK,22,2002,8.0,10,1,0,2,1,9.2,0.29,0.2,0.02,48,141,34.0,263,40,41.8,36.7,54,57.4,46.5,130,8,6.2,10,1.25,13.0
BEL-Belgian Pro League,2024-25,Westerlo,Koen Van Langendonck,BEL,GK,35,1989,10.0,16,2,0,2,0,16.4,0.35,0.4,0.04,53,117,45.3,278,38,29.5,32.3,80,43.8,38.3,144,7,4.9,17,1.7,15.4
BEL-Belgian Pro League,2024-25,Westerlo,Nick Gillekens,BEL,GK,29,1995,1.0,3,0,0,1,0,4.3,0.43,1.3,1.28,8,19,42.1,34,7,41.2,38.3,9,55.6,39.4,22,0,0.0,1,1.0,10.0
BEL-Belgian Pro League,2024-25,Westerlo,Sinan Bolat,TUR,GK,35,1988,11.0,20,2,0,2,0,19.5,0.3,-0.5,-0.05,59,168,35.1,323,47,41.2,36.0,79,44.3,38.0,165,7,4.2,12,1.09,12.9
ENG-Premier League,2024-25,Arsenal,David Raya,ESP,GK,28,1995,38.0,34,3,2,8,0,35.1,0.28,1.1,0.03,149,478,31.2,1263,178,29.9,29.9,147,68.0,49.1,402,53,13.2,66,1.74,17.2
ENG-Premier League,2024-25,Aston Villa,Emiliano Martínez,ARG,GK,31,1992,35.5,45,1,1,2,0,45.8,0.32,0.8,0.02,162,420,38.6,1208,132,26.3,30.4,172,59.3,46.3,498,56,11.2,35,0.99,13.7
ENG-Premier League,2024-25,Aston Villa,Robin Olsen,SWE,GK,34,1990,2.5,6,1,0,0,0,6.3,0.4,0.3,0.12,19,54,35.2,75,1,42.7,35.9,26,84.6,60.0,40,3,7.5,0,0.0,8.6
ENG-Premier League,2024-25,Bournemouth,Kepa Arrizabalaga,ESP,GK,29,1994,31.0,39,4,0,4,0,41.0,0.28,2.0,0.07,132,365,36.2,831,122,33.2,32.9,192,46.4,38.7,367,22,6.0,54,1.74,16.0
ENG-Premier League,2024-25,Bournemouth,Mark Travers,IRL,GK,25,1999,5.0,5,0,1,1,0,9.5,0.38,4.5,0.89,33,73,45.2,103,29,41.7,36.3,39,76.9,55.8,63,1,1.6,5,1.0,12.9
ENG-Premier League,2024-25,Bournemouth,Neto,BRA,GK,35,1989,2.0,2,0,0,0,0,4.3,0.35,2.3,1.17,9,27,33.3,46,7,43.5,36.8,15,46.7,38.9,30,2,6.7,3,1.5,12.6
ENG-Premier League,2024-25,Brentford,Hákon Rafn Valdimarsson,ISL,GK,22,2001,1.6,2,0,0,0,1,0.6,0.14,-0.4,-0.26,15,38,39.5,54,7,42.6,34.9,16,93.8,59.3,16,2,12.5,0,0.0,4.7
ENG-Premier League,2024-25,Brentford,Mark Flekken,NED,GK,31,1993,36.4,55,1,0,2,2,52.7,0.26,-0.3,-0.01,249,659,37.8,1498,122,33.7,34.4,212,72.6,54.8,581,46,7.9,34,0.93,11.5
ENG-Premier League,2024-25,Brighton,Bart Verbruggen,NED,GK,21,2002,36.0,58,9,1,4,2,51.0,0.31,-5.0,-0.14,122,386,31.6,1226,122,26.9,29.7,83,67.5,48.5,414,27,6.5,47,1.31,13.9
ENG-Premier League,2024-25,Brighton,Jason Steele,ENG,GK,33,1990,2.0,1,0,0,0,0,0.5,0.12,-0.5,-0.26,7,16,43.8,110,7,13.6,25.1,2,50.0,43.0,22,2,9.1,3,1.5,15.4
ENG-Premier League,2024-25,Chelsea,Filip Jørgensen,DEN,GK,22,2002,6.0,9,1,0,1,0,9.3,0.3,0.3,0.04,7,33,21.2,171,19,18.1,24.1,18,11.1,17.5,53,2,3.8,2,0.33,13.2
ENG-Premier League,2024-25,Chelsea,Robert Sánchez,ESP,GK,26,1997,32.0,34,4,0,4,0,35.7,0.25,1.7,0.05,98,424,23.1,1160,190,33.3,33.4,82,46.3,40.3,370,47,12.7,57,1.78,14.5
ENG-Premier League,2024-25,Crystal Palace,Dean Henderson,ENG,GK,27,1997,38.0,51,1,1,5,3,51.2,0.35,3.2,0.08,157,600,26.2,942,115,47.5,38.5,273,56.0,44.9,559,30,5.4,40,1.05,14.3
ENG-Premier League,2024-25,Everton,Jordan Pickford,ENG,GK,30,1994,38.0,44,0,1,6,0,48.8,0.3,4.8,0.13,304,806,37.7,1355,161,48.8,39.7,231,62.8,48.7,558,31,5.6,57,1.5,15.2
ENG-Premier League,2024-25,Fulham,Bernd Leno,GER,GK,32,1992,38.0,54,3,0,6,2,48.9,0.29,-3.1,-0.08,141,367,38.4,1231,167,22.7,28.9,172,51.2,41.9,507,23,4.5,33,0.87,13.3
ENG-Premier League,2024-25,Ipswich Town,Alex Palmer,ENG,GK,27,1996,13.0,30,1,0,9,2,25.1,0.35,-2.9,-0.22,71,186,38.2,329,55,36.8,33.9,94,69.1,50.8,249,20,8.0,13,1.0,11.5
ENG-Premier League,2024-25,Ipswich Town,Arijanet Muric,KVX,GK,25,1998,18.0,33,3,0,2,0,31.4,0.29,-1.6,-0.09,76,229,33.2,534,94,29.6,30.3,94,75.5,54.6,249,39,15.7,20,1.11,12.2
ENG-Premier League,2024-25,Ipswich Town,Christian Walton,ENG,GK,28,1995,7.0,19,2,0,0,0,17.1,0.4,-1.9,-0.28,42,116,36.2,204,35,42.6,34.3,51,56.9,44.5,111,12,10.8,2,0.29,8.2
ENG-Premier League,2024-25,Leicester City,Danny Ward,WAL,GK,31,1993,1.5,6,0,0,0,0,2.8,0.28,-3.2,-2.11,10,22,45.5,46,9,37.0,32.0,7,71.4,52.0,11,0,0.0,2,1.33,20.7
ENG-Premier League,2024-25,Leicester City,Jakub Stolarczyk,POL,GK,23,2000,10.0,16,0,0,2,0,15.4,0.35,-0.6,-0.06,57,195,29.2,328,36,46.3,34.2,58,74.1,50.2,169,10,5.9,8,0.8,12.5
ENG-Premier League,2024-25,Leicester City,Mads Hermansen,DEN,GK,24,2000,26.5,58,3,0,3,3,56.4,0.35,1.4,0.05,114,471,24.2,926,133,39.2,34.6,143,75.5,51.5,419,26,6.2,26,0.98,13.1
ENG-Premier League,2024-25,Liverpool,Alisson,BRA,GK,31,1992,27.9,29,1,0,2,2,30.5,0.3,3.5,0.13,68,203,33.5,877,128,19.7,26.6,80,37.5,33.4,255,11,4.3,49,1.76,16.0
ENG-Premier League,2024-25,Liverpool,Caoimhín Kelleher,IRL,GK,25,1998,10.0,12,0,0,1,0,11.6,0.3,-0.4,-0.04,29,115,25.2,364,49,28.6,29.0,18,61.1,42.8,113,6,5.3,9,0.9,14.0
ENG-Premier League,2024-25,Liverpool,Vitezslav Jaros,CZE,GK,23,2001,0.1,0,0,0,0,0,0.0,0.03,0.0,0.25,5,7,71.4,7,2,85.7,50.9,1,100.0,59.0,2,0,0.0,0,0.0,11.0
ENG-Premier League,2024-25,Manchester City,Ederson,BRA,GK,30,1993,25.8,26,2,0,3,1,30.0,0.37,5.0,0.19,72,165,43.6,846,108,17.4,27.9,77,23.4,31.9,224,13,5.8,49,1.9,17.5
ENG-Premier League,2024-25,Manchester City,Stefan Ortega,GER,GK,31,1992,12.2,18,2,1,1,1,16.3,0.31,-0.7,-0.06,40,104,38.5,409,55,21.5,26.7,49,32.7,28.2,133,6,4.5,12,0.98,14.3
ENG-Premier League,2024-25,Manchester Utd,Altay Bayındır,TUR,GK,26,1998,4.0,10,0,0,0,1,10.1,0.59,1.1,0.27,13,62,21.0,128,12,34.4,34.1,24,75.0,53.8,56,4,7.1,7,1.75,12.0
ENG-Premier League,2024-25,Manchester Utd,André Onana,CMR,GK,28,1996,34.0,44,3,1,10,1,44.0,0.31,1.0,0.03,118,440,26.8,1152,136,29.7,30.3,149,65.8,47.2,399,22,5.5,23,0.68,11.8
ENG-Premier League,2024-25,Newcastle Utd,Martin Dúbravka,SVK,GK,35,1989,10.0,12,0,0,1,0,12.9,0.32,0.9,0.09,18,80,22.5,273,54,15.8,25.2,59,62.7,45.4,127,10,7.9,11,1.1,15.3
ENG-Premier League,2024-25,Newcastle Utd,Nick Pope,ENG,GK,32,1992,28.0,35,1,0,3,2,34.8,0.28,1.8,0.06,72,257,28.0,595,192,25.7,30.7,187,55.6,43.6,359,39,10.9,64,2.29,16.0
ENG-Premier League,2024-25,Nott'ham Forest,Matz Sels,BEL,GK,32,1992,38.0,46,3,1,5,0,49.1,0.29,3.1,0.08,244,698,35.0,715,83,68.4,44.7,270,77.4,54.3,710,19,2.7,12,0.32,8.7
ENG-Premier League,2024-25,Southampton,Aaron Ramsdale,ENG,GK,26,1998,30.0,66,5,0,10,0,63.5,0.32,-2.5,-0.08,196,605,32.4,1026,129,44.6,36.0,190,77.4,55.9,457,25,5.5,20,0.67,11.7
ENG-Premier League,2024-25,Southampton,Alex McCarthy,ENG,GK,34,1989,5.0,13,2,0,1,0,12.6,0.29,-0.4,-0.07,24,52,46.2,132,29,33.3,29.5,23,34.8,30.7,74,8,10.8,0,0.0,6.5
ENG-Premier League,2024-25,Southampton,Joe Lumley,ENG,GK,29,1995,3.0,7,0,0,1,0,7.7,0.39,0.7,0.22,15,50,30.0,135,14,34.1,30.0,15,26.7,24.0,56,2,3.6,7,2.33,18.0
ENG-Premier League,2024-25,Tottenham,Antonín Kinský,CZE,GK,21,2003,6.0,11,0,0,1,2,10.5,0.33,1.5,0.25,17,58,29.3,186,37,26.9,30.7,30,26.7,29.1,112,10,8.9,9,1.5,12.1
ENG-Premier League,2024-25,Tottenham,Brandon Austin,ENG,GK,25,1999,1.0,2,0,0,0,0,2.2,0.55,0.2,0.2,3,11,27.3,26,5,38.5,32.3,6,16.7,29.0,15,5,33.3,2,2.0,12.4
ENG-Premier League,2024-25,Tottenham,Fraser Forster,ENG,GK,36,1988,7.0,15,2,0,1,0,16.5,0.36,1.5,0.21,11,31,35.5,141,30,21.3,27.2,56,1.8,14.6,81,4,4.9,3,0.43,11.1
ENG-Premier League,2024-25,Tottenham,Guglielmo Vicario,ITA,GK,27,1996,24.0,37,1,0,6,2,37.4,0.36,2.4,0.1,28,95,29.5,809,120,10.5,22.8,65,15.4,22.8,312,30,9.6,31,1.29,13.3
ENG-Premier League,2024-25,West Ham,Alphonse Areola,FRA,GK,31,1993,25.1,41,0,0,5,3,35.4,0.31,-2.6,-0.1,135,384,35.2,788,119,34.4,32.1,196,57.7,42.9,394,15,3.8,30,1.19,15.0
ENG-Premier League,2024-25,West Ham,Łukasz Fabiański,POL,GK,39,1985,12.9,21,3,1,3,0,22.6,0.29,1.6,0.12,77,226,34.1,394,55,41.9,35.5,100,61.0,45.1,220,10,4.5,12,0.93,13.1
ENG-Premier League,2024-25,Wolves,Daniel Bentley,ENG,GK,31,1993,2.0,4,0,1,0,0,3.9,0.33,-0.1,-0.04,7,21,33.3,52,6,25.0,28.1,13,61.5,46.4,25,0,0.0,3,1.5,16.4
ENG-Premier League,2024-25,Wolves,José Sá,POR,GK,31,1993,29.0,48,5,1,6,2,42.8,0.33,-3.2,-0.11,94,382,24.6,771,121,39.3,35.2,150,52.7,41.5,432,32,7.4,43,1.48,15.5
ENG-Premier League,2024-25,Wolves,Sam Johnstone,ENG,GK,31,1993,7.0,17,2,0,5,1,13.0,0.29,-3.0,-0.43,52,129,40.3,252,28,45.6,36.6,25,56.0,43.2,104,8,7.7,11,1.57,13.4
ENG-Premier League,2024-25,Wolves,Tom King,WAL,GK,29,1995,0.0,0,0,0,0,0,0.0,,0.0,0.0,0,0,,1,1,0.0,14.0,0,,,1,0,0.0,0,0.0,
ESP-La Liga,2024-25,Alavés,Adrian Rodriguez,ESP,GK,23,2000,1.4,2,1,0,0,0,1.5,0.13,-0.5,-0.36,18,48,37.5,26,0,92.3,56.3,24,100.0,67.4,33,0,0.0,0,0.0,9.8
ESP-La Liga,2024-25,Alavés,Antonio Sivera,ESP,GK,27,1996,31.2,39,9,2,2,2,39.0,0.28,2.0,0.06,297,724,41.0,735,70,71.8,47.7,229,85.6,60.0,453,30,6.6,29,0.93,12.7
ESP-La Liga,2024-25,Alavés,Jesús Owono,EQG,GK,23,2001,5.4,7,1,0,2,0,5.4,0.37,-1.6,-0.29,46,105,43.8,126,12,55.6,43.0,36,97.2,67.5,66,6,9.1,2,0.37,8.9
ESP-La Liga,2024-25,Athletic Club,Alex Padilla,ESP,GK,20,2003,3.6,6,1,0,1,1,4.8,0.26,-0.2,-0.06,27,78,34.6,98,15,58.2,41.5,22,95.5,64.5,57,2,3.5,3,0.84,13.4
ESP-La Liga,2024-25,Athletic Club,Julen Agirrezabala,ESP,GK,23,2000,13.4,9,1,2,1,0,10.5,0.27,1.5,0.11,57,178,32.0,341,51,37.5,33.9,66,75.8,54.9,143,20,14.0,17,1.27,14.2
ESP-La Liga,2024-25,Athletic Club,Unai Simón,ESP,GK,27,1997,21.0,14,1,0,2,0,16.3,0.24,2.3,0.11,106,284,37.3,533,91,36.2,34.4,117,77.8,58.3,249,19,7.6,28,1.33,15.5
ESP-La Liga,2024-25,Atlético Madrid,Jan Oblak,SVN,GK,31,1993,36.0,30,5,1,3,2,25.6,0.19,-2.4,-0.07,109,277,39.4,670,183,24.3,30.2,277,41.2,36.7,488,28,5.7,28,0.78,14.0
ESP-La Liga,2024-25,Atlético Madrid,Juan Musso,ARG,GK,30,1994,2.0,0,0,0,0,0,0.1,0.05,0.1,0.05,1,9,11.1,46,11,15.2,24.0,13,15.4,25.2,23,2,8.7,0,0.0,11.2
ESP-La Liga,2024-25,Barcelona,Iñaki Peña,ESP,GK,25,1999,15.5,18,2,0,1,0,16.7,0.29,-1.3,-0.08,23,78,29.5,546,80,10.8,24.7,84,22.6,30.3,143,3,2.1,89,5.74,23.5
ESP-La Liga,2024-25,Barcelona,Marc-André ter Stegen,GER,GK,32,1992,7.5,9,1,0,1,0,6.4,0.26,-2.6,-0.34,15,31,48.4,224,40,12.1,26.5,27,14.8,32.0,83,5,6.0,13,1.74,17.0
ESP-La Liga,2024-25,Barcelona,Wojciech Szczęsny,POL,GK,34,1990,15.0,12,1,0,1,0,12.0,0.35,0.0,0.0,24,63,38.1,398,61,12.3,25.1,54,25.9,31.0,130,7,5.4,56,3.73,20.2
ESP-La Liga,2024-25,Betis,Adrián,ESP,GK,37,1987,19.0,27,1,2,5,0,26.0,0.33,-1.0,-0.05,58,178,32.6,507,91,28.0,31.2,109,33.0,33.8,257,14,5.4,16,0.84,11.7
ESP-La Liga,2024-25,Betis,Fran Vieites,ESP,GK,25,1999,4.0,5,0,0,0,0,4.7,0.42,-0.3,-0.09,12,54,22.2,90,16,40.0,38.0,29,62.1,46.4,65,6,9.2,4,1.0,12.8
ESP-La Liga,2024-25,Betis,Rui Silva,POR,GK,30,1994,15.0,18,3,0,3,1,18.4,0.3,1.4,0.1,45,144,31.3,446,70,26.0,30.8,76,36.8,35.9,194,10,5.2,31,2.07,18.9
ESP-La Liga,2024-25,Celta Vigo,Iván Villar,ESP,GK,27,1997,4.0,9,0,0,3,2,8.2,0.4,1.2,0.3,3,22,13.6,82,15,14.6,24.0,35,28.6,26.9,65,1,1.5,5,1.25,14.8
ESP-La Liga,2024-25,Celta Vigo,Vicente Guaita,ESP,GK,37,1987,34.0,48,3,0,6,0,40.6,0.3,-7.4,-0.22,66,220,30.0,740,195,18.4,27.3,230,36.5,35.4,436,26,6.0,44,1.29,14.0
ESP-La Liga,2024-25,Espanyol,Joan García,ESP,GK,23,2001,38.0,51,4,2,6,1,57.7,0.28,7.7,0.2,194,526,36.9,1040,197,37.6,34.8,216,62.5,48.5,670,64,9.6,35,0.92,12.0
ESP-La Liga,2024-25,Getafe,David Soria,ESP,GK,31,1993,38.0,39,8,0,5,0,42.0,0.29,3.0,0.08,300,799,37.5,719,68,72.6,48.8,304,91.1,61.5,479,25,5.2,39,1.03,14.7
ESP-La Liga,2024-25,Girona,Krapyvtsov Vladyslav,UKR,GK,19,2005,2.0,7,1,0,2,0,6.3,0.31,-0.7,-0.37,10,21,47.6,63,13,31.7,35.6,7,14.3,28.6,27,1,3.7,1,0.5,12.9
ESP-La Liga,2024-25,Girona,Pau López,ESP,GK,29,1994,0.5,2,0,0,0,0,1.3,0.44,-0.7,-1.33,4,9,44.4,17,2,35.3,35.8,7,42.9,38.7,17,3,17.6,1,2.0,9.8
ESP-La Liga,2024-25,Girona,Paulo Gazzaniga,ARG,GK,32,1992,35.5,51,2,1,5,1,45.4,0.29,-4.6,-0.13,93,298,31.2,1026,137,21.6,29.4,180,42.2,40.0,419,36,8.6,33,0.93,12.6
ESP-La Liga,2024-25,Las Palmas,Dinko Horkaš,CRO,GK,25,1999,12.1,19,1,0,0,1,19.4,0.34,1.4,0.11,69,175,39.4,475,53,31.8,32.5,47,51.1,43.0,148,9,6.1,16,1.33,15.6
ESP-La Liga,2024-25,Las Palmas,Jasper Cillessen,NED,GK,35,1989,25.9,42,4,0,4,2,44.3,0.3,4.3,0.16,124,409,30.3,820,142,39.5,34.5,179,47.5,43.1,413,13,3.1,20,0.77,14.5
ESP-La Liga,2024-25,Leganés,Juan Soriano,ESP,GK,26,1997,6.0,7,0,0,1,1,8.8,0.36,2.8,0.47,36,120,30.0,131,20,56.5,43.9,54,85.2,62.8,130,7,5.4,0,0.0,8.4
ESP-La Liga,2024-25,Leganés,Marko Dmitrović,SRB,GK,32,1992,32.0,49,7,1,9,2,50.2,0.3,3.2,0.1,201,765,26.3,743,112,65.3,47.2,303,92.4,66.2,579,49,8.5,53,1.66,14.5
ESP-La Liga,2024-25,Mallorca,Dominik Greif,SVK,GK,27,1997,31.0,34,2,0,3,1,33.9,0.28,0.9,0.03,191,475,40.2,847,126,41.9,36.4,193,62.2,48.3,511,15,2.9,21,0.68,12.9
ESP-La Liga,2024-25,Mallorca,Leo Román,ESP,GK,24,2000,7.0,10,1,0,1,0,13.5,0.26,3.5,0.5,48,139,34.5,188,18,53.2,41.8,52,75.0,57.5,127,8,6.3,6,0.86,11.2
ESP-La Liga,2024-25,Osasuna,Aitor Fernández,ESP,GK,33,1991,1.0,0,0,0,0,0,1.2,0.23,1.2,1.15,19,35,54.3,34,4,70.6,44.4,11,100.0,59.9,14,1,7.1,1,1.0,10.6
ESP-La Liga,2024-25,Osasuna,Sergio Herrera,ESP,GK,31,1993,37.0,52,7,1,4,1,56.2,0.28,5.2,0.14,277,614,45.1,966,139,43.2,37.6,276,71.4,50.7,524,32,6.1,85,2.3,19.7
ESP-La Liga,2024-25,Rayo Vallecano,Augusto Batalla,ARG,GK,28,1996,32.0,39,6,0,6,1,40.0,0.25,2.0,0.06,177,534,33.1,989,129,42.3,38.2,184,63.0,51.1,453,35,7.7,38,1.19,14.4
ESP-La Liga,2024-25,Rayo Vallecano,Dani Cárdenas,ESP,GK,27,1997,6.0,6,0,0,0,0,5.6,0.29,-0.4,-0.06,26,106,24.5,132,21,56.8,44.3,46,67.4,51.9,79,2,2.5,1,0.17,10.2
ESP-La Liga,2024-25,Real Madrid,Andriy Lunin,UKR,GK,25,1999,7.0,7,0,0,0,0,6.4,0.32,-0.6,-0.09,21,42,50.0,155,29,20.0,26.9,45,24.4,30.6,61,2,3.3,12,1.71,14.9
ESP-La Liga,2024-25,Real Madrid,Fran,ESP,GK,19,2005,1.0,2,0,0,1,0,0.9,0.43,-1.1,-1.14,1,2,50.0,16,3,12.5,24.0,4,0.0,14.8,5,1,20.0,1,1.0,12.0
ESP-La Liga,2024-25,Real Madrid,Thibaut Courtois,BEL,GK,32,1992,30.0,29,3,0,6,1,28.7,0.27,0.7,0.02,62,214,29.0,871,173,18.5,28.2,148,35.8,39.1,350,16,4.6,14,0.47,10.7
ESP-La Liga,2024-25,Real Sociedad,Unai Marrero,ESP,GK,22,2001,2.0,3,0,0,0,0,3.5,0.22,0.5,0.26,7,16,43.8,41,11,24.4,28.3,15,40.0,35.1,21,1,4.8,3,1.5,16.8
ESP-La Liga,2024-25,Real Sociedad,Álex Remiro,ESP,GK,29,1995,36.0,43,5,0,5,0,38.0,0.26,-5.0,-0.14,180,477,37.7,1053,111,31.4,32.6,234,62.4,48.9,446,29,6.5,40,1.11,14.4
ESP-La Liga,2024-25,Sevilla,Álvaro Fernández,ESP,GK,26,1998,8.3,16,2,0,1,0,11.0,0.25,-5.0,-0.61,37,142,26.1,277,32,39.7,34.3,46,69.6,49.4,105,7,6.7,14,1.69,16.5
ESP-La Liga,2024-25,Sevilla,Ørjan Nyland,NOR,GK,33,1990,29.7,39,3,3,3,1,37.1,0.31,-0.9,-0.03,118,445,26.5,836,114,42.1,37.2,166,56.0,46.0,408,20,4.9,29,0.98,13.8
ESP-La Liga,2024-25,Valencia,Giorgi Mamardashvili,GEO,GK,23,2000,34.0,48,5,0,4,3,46.1,0.3,1.1,0.03,141,449,31.4,859,134,36.0,34.5,219,63.9,49.6,472,33,7.0,38,1.12,14.3
ESP-La Liga,2024-25,Valencia,Stole Dimitrievski,MKD,GK,30,1993,4.0,6,1,0,0,0,4.5,0.29,-1.5,-0.38,15,72,20.8,113,25,49.6,40.5,20,80.0,53.6,51,3,5.9,16,4.0,25.7
ESP-La Liga,2024-25,Valladolid,André Ferreira,POR,GK,28,1996,6.0,20,3,0,1,0,15.3,0.35,-4.7,-0.79,30,83,36.1,138,26,37.0,33.8,56,57.1,41.7,92,4,4.3,3,0.5,10.4
ESP-La Liga,2024-25,Valladolid,Arnau Rafús,ESP,GK,21,2003,1.0,2,0,1,0,0,0.5,0.23,-1.5,-1.53,7,15,46.7,38,5,34.2,34.9,5,40.0,39.0,14,1,7.1,1,1.0,11.4
ESP-La Liga,2024-25,Valladolid,Karl Jakob Hein,EST,GK,22,2002,31.0,68,4,1,4,1,58.8,0.35,-8.2,-0.27,165,452,36.5,941,136,32.6,33.9,224,64.7,51.7,474,34,7.2,34,1.1,14.0
ESP-La Liga,2024-25,Villarreal,Diego Conde,ESP,GK,25,1998,21.8,33,3,1,6,1,26.3,0.26,-5.7,-0.26,61,161,37.9,532,111,22.7,28.2,107,37.4,36.3,323,18,5.6,16,0.73,11.9
ESP-La Liga,2024-25,Villarreal,Luiz Lúcio Reis Júnior,BRA,GK,23,2001,16.2,18,4,1,0,0,18.1,0.23,0.1,0.0,61,178,34.3,392,96,31.9,31.6,99,53.5,43.6,256,16,6.3,20,1.23,12.2
FRA-Ligue 1,2024-25,Angers,Melvin Zinga,FRA,GK,22,2002,1.0,2,1,0,0,0,2.4,0.41,0.4,0.4,2,11,18.2,22,4,40.9,39.0,11,18.2,25.6,20,1,5.0,2,2.0,16.8
FRA-Ligue 1,2024-25,Angers,Yahia Fofana,CIV,GK,23,2000,33.0,51,3,0,7,0,63.5,0.34,12.5,0.38,144,435,33.1,751,180,38.6,35.8,261,55.6,43.6,531,48,9.0,20,0.61,10.7
FRA-Ligue 1,2024-25,Auxerre,Donovan Léon,GUF,GK,31,1992,32.0,48,5,0,7,3,55.8,0.32,10.8,0.34,213,649,32.8,935,173,53.0,42.0,195,78.5,56.4,518,28,5.4,39,1.22,14.6
FRA-Ligue 1,2024-25,Auxerre,Théo De Percin,MTQ,GK,23,2001,2.0,3,1,0,0,0,3.5,0.22,0.5,0.23,8,31,25.8,46,5,45.7,40.3,12,83.3,55.3,38,3,7.9,3,1.5,13.1
FRA-Ligue 1,2024-25,Brest,Grégoire Coudert,FRA,GK,25,1999,2.0,5,0,0,1,1,2.8,0.22,-1.2,-0.6,6,20,30.0,60,7,28.3,31.4,8,37.5,36.5,30,1,3.3,3,1.5,18.5
FRA-Ligue 1,2024-25,Brest,Marco Bizot,NED,GK,33,1991,32.0,54,8,1,4,1,46.2,0.31,-6.8,-0.21,218,522,41.8,902,134,42.0,36.0,216,66.2,49.2,459,33,7.2,53,1.66,16.2
FRA-Ligue 1,2024-25,Le Havre,Arthur Desmas,FRA,GK,30,1994,18.0,38,2,1,4,0,38.7,0.4,0.7,0.04,56,151,37.1,404,72,28.5,30.9,117,30.8,29.6,277,12,4.3,7,0.39,11.9
FRA-Ligue 1,2024-25,Le Havre,Mathieu Gorgelin,FRA,GK,33,1990,16.0,33,3,0,4,1,34.2,0.4,2.2,0.14,79,183,43.2,435,75,32.9,32.4,99,40.4,34.6,269,21,7.8,8,0.5,10.5
FRA-Ligue 1,2024-25,Lens,Brice Samba,FRA,GK,30,1994,15.0,14,4,2,3,0,17.5,0.26,3.5,0.23,82,163,50.3,435,61,29.7,30.5,76,44.7,36.1,152,17,11.2,22,1.47,16.1
FRA-Ligue 1,2024-25,Lens,Hervé Koffi,BFA,GK,27,1996,5.0,8,2,0,1,0,11.1,0.38,3.1,0.61,14,42,33.3,115,22,29.6,33.2,19,42.1,36.4,53,4,7.5,2,0.4,9.4
FRA-Ligue 1,2024-25,Lens,Mathew Ryan,AUS,GK,32,1992,14.0,17,2,0,0,0,19.5,0.28,2.5,0.18,46,135,34.1,342,79,31.3,32.3,66,42.4,35.3,176,20,11.4,10,0.71,11.6
FRA-Ligue 1,2024-25,Lille,Lucas Chevalier,FRA,GK,22,2001,34.0,36,4,0,6,1,42.2,0.32,7.2,0.21,112,288,38.9,968,144,25.7,29.6,112,34.8,35.7,373,21,5.6,24,0.71,13.9
FRA-Ligue 1,2024-25,Lyon,Lucas Perri,BRA,GK,26,1997,33.0,44,3,1,6,0,47.8,0.29,3.8,0.12,101,310,32.6,884,183,28.1,30.5,152,40.8,37.6,415,26,6.3,29,0.88,13.5
FRA-Ligue 1,2024-25,Lyon,Rémy Descamps,FRA,GK,28,1996,1.0,2,0,0,0,0,1.4,0.23,-0.6,-0.62,1,4,25.0,28,2,14.3,27.5,2,0.0,16.0,7,0,0.0,0,0.0,7.0
FRA-Ligue 1,2024-25,Marseille,Gerónimo Rulli,ARG,GK,32,1992,34.0,47,3,1,4,2,47.5,0.33,2.5,0.07,92,202,45.5,1097,133,15.0,24.4,105,35.2,32.7,309,28,9.1,59,1.74,18.3
FRA-Ligue 1,2024-25,Monaco,Philipp Köhn,SUI,GK,26,1998,19.0,19,1,0,2,0,17.2,0.26,-1.8,-0.1,50,157,31.8,447,70,25.7,29.9,99,42.4,38.1,225,16,7.1,20,1.05,14.8
FRA-Ligue 1,2024-25,Monaco,Radosław Majecki,POL,GK,24,1999,15.0,22,2,1,1,0,21.1,0.31,-0.9,-0.06,27,112,24.1,320,76,26.6,30.5,87,31.0,32.8,154,14,9.1,18,1.2,14.0
FRA-Ligue 1,2024-25,Montpellier,Benjamin Lecomte,FRA,GK,33,1991,30.0,68,6,0,5,3,57.3,0.31,-5.7,-0.2,177,449,39.4,814,115,42.5,36.2,184,56.0,42.4,408,20,4.9,26,0.9,14.3
FRA-Ligue 1,2024-25,Montpellier,Dimitry Bertaud,COD,GK,26,1998,4.0,11,2,0,0,0,8.8,0.35,-2.2,-0.54,20,47,42.6,86,19,38.4,34.5,27,51.9,43.6,55,8,14.5,3,0.75,13.3
FRA-Ligue 1,2024-25,Nantes,Alban Lafont,FRA,GK,25,1999,12.0,19,3,0,2,2,16.8,0.3,-0.2,-0.02,40,143,28.0,309,56,34.0,34.9,57,66.7,51.1,200,16,8.0,6,0.5,10.6
FRA-Ligue 1,2024-25,Nantes,Anthony Lopes,POR,GK,33,1990,17.4,26,4,0,1,1,25.6,0.32,0.6,0.03,89,257,34.6,451,56,40.4,35.8,96,78.1,49.4,308,16,5.2,8,0.46,11.0
FRA-Ligue 1,2024-25,Nantes,Patrik Carlgren,SWE,GK,32,1992,4.6,7,0,0,1,0,8.5,0.3,1.5,0.31,22,63,34.9,99,27,36.4,34.4,37,73.0,48.6,80,1,1.3,1,0.22,10.9
FRA-Ligue 1,2024-25,Nice,Marcin Bułka,POL,GK,24,1999,34.0,41,2,0,4,1,43.0,0.26,3.0,0.09,112,272,41.2,948,173,22.8,28.6,162,34.6,32.3,470,39,8.3,33,0.97,12.8
FRA-Ligue 1,2024-25,Paris S-G,Arnau Tenas,ESP,GK,23,2001,1.0,1,0,0,0,0,1.5,0.37,0.5,0.46,3,4,75.0,30,4,13.3,25.4,2,0.0,21.5,5,1,20.0,1,1.0,15.6
FRA-Ligue 1,2024-25,Paris S-G,Gianluigi Donnarumma,ITA,GK,25,1999,23.2,25,1,1,4,0,21.7,0.29,-3.3,-0.14,35,101,34.7,543,90,13.6,25.1,89,30.3,28.2,199,10,5.0,19,0.82,14.4
FRA-Ligue 1,2024-25,Paris S-G,Matvei Safonov,RUS,GK,25,1999,9.8,9,2,0,2,1,7.2,0.26,-0.8,-0.08,36,83,43.4,262,46,26.3,29.1,48,29.2,28.8,94,5,5.3,14,1.43,18.0
FRA-Ligue 1,2024-25,Reims,Yehvann Diouf,SEN,GK,24,1999,34.0,47,4,1,8,0,61.6,0.33,14.6,0.43,154,477,32.3,993,153,34.4,33.3,220,61.4,45.0,554,31,5.6,42,1.24,14.6
FRA-Ligue 1,2024-25,Rennes,Brice Samba,FRA,GK,30,1994,17.0,27,1,1,4,0,29.2,0.32,2.2,0.13,58,178,32.6,569,64,24.4,29.7,102,38.2,33.3,225,16,7.1,15,0.88,13.2
FRA-Ligue 1,2024-25,Rennes,Gauthier Gallon,FRA,GK,31,1993,0.5,0,0,0,0,0,0.0,,0.0,0.0,0,3,0.0,15,2,13.3,23.8,4,25.0,26.3,2,0,0.0,1,2.0,28.0
FRA-Ligue 1,2024-25,Rennes,Steve Mandanda,FRA,GK,39,1985,16.5,23,2,0,2,2,17.0,0.29,-4.0,-0.24,61,180,33.9,426,66,33.6,32.7,73,50.7,41.6,175,7,4.0,21,1.27,15.7
FRA-Ligue 1,2024-25,Saint-Étienne,Gautier Larsonneur,FRA,GK,27,1997,34.0,77,13,0,4,2,73.5,0.3,-1.5,-0.04,131,486,27.0,978,145,38.8,34.7,205,52.2,40.5,510,24,4.7,33,1.0,14.0
FRA-Ligue 1,2024-25,Strasbourg,Karl-Johan Johnsson,SWE,GK,34,1990,3.0,6,1,0,0,0,6.7,0.26,0.7,0.22,6,22,27.3,122,21,15.6,23.9,7,42.9,39.7,48,2,4.2,3,1.0,11.1
FRA-Ligue 1,2024-25,Strasbourg,Đorđe Petrović,SRB,GK,24,1999,31.0,38,7,0,3,2,45.9,0.27,9.9,0.32,117,361,32.4,1438,127,20.9,27.4,107,56.1,45.6,491,41,8.4,47,1.52,15.2
FRA-Ligue 1,2024-25,Toulouse,Guillaume Restes,FRA,GK,19,2005,28.3,36,1,1,3,3,27.9,0.29,-5.1,-0.18,80,286,28.0,675,83,30.8,30.3,135,57.8,42.8,360,5,1.4,34,1.2,16.9
FRA-Ligue 1,2024-25,Toulouse,Kjetil Haug,NOR,GK,26,1998,5.5,7,0,0,2,0,6.6,0.45,-0.4,-0.06,16,60,26.7,95,13,37.9,34.1,35,68.6,49.1,72,5,6.9,3,0.54,12.1
FRA-Ligue 1,2024-25,Toulouse,Álex Domínguez,ESP,GK,26,1998,0.2,0,0,0,0,0,0.0,,0.0,0.0,2,5,40.0,8,1,25.0,30.0,3,100.0,69.3,7,0,0.0,0,0.0,
GER-Bundesliga,2024-25,Augsburg,Finn Dahmen,GER,GK,26,1998,19.0,19,2,0,3,2,24.2,0.29,7.2,0.38,129,341,37.8,614,51,38.6,34.9,145,71.7,53.2,337,9,2.7,26,1.37,14.7
GER-Bundesliga,2024-25,Augsburg,Nediljko Labrović,CRO,GK,24,1999,15.0,32,3,1,2,0,25.9,0.32,-6.1,-0.4,83,220,37.7,397,72,38.8,35.2,105,62.9,47.4,217,12,5.5,18,1.2,13.3
GER-Bundesliga,2024-25,Bayern Munich,Daniel Peretz,ISR,GK,24,2000,3.0,5,0,0,0,0,4.0,0.58,-1.0,-0.32,5,25,20.0,96,5,25.0,29.5,7,14.3,29.6,17,0,0.0,8,2.67,21.2
GER-Bundesliga,2024-25,Bayern Munich,Jonas Urbig,GER,GK,20,2003,8.0,12,0,0,2,0,10.3,0.38,-1.7,-0.21,30,79,38.0,263,33,26.2,30.9,23,43.5,43.1,81,5,6.2,21,2.63,17.4
GER-Bundesliga,2024-25,Bayern Munich,Manuel Neuer,GER,GK,38,1986,22.0,15,1,0,2,0,15.0,0.33,0.0,0.0,92,194,47.4,867,81,20.0,27.7,56,37.5,37.3,162,6,3.7,40,1.82,19.6
GER-Bundesliga,2024-25,Bayern Munich,Sven Ulreich,GER,GK,35,1988,1.0,0,0,0,0,0,0.0,,0.0,0.0,3,8,37.5,29,4,27.6,28.2,1,0.0,9.0,7,1,14.3,1,1.0,12.3
GER-Bundesliga,2024-25,Bochum,Patrick Drewes,GER,GK,31,1993,21.0,46,3,2,4,0,42.3,0.38,-3.7,-0.18,218,484,45.0,681,65,50.1,37.6,177,80.8,52.6,285,12,4.2,33,1.57,15.8
GER-Bundesliga,2024-25,Bochum,Timo Horn,GER,GK,31,1993,13.0,22,0,1,3,0,18.5,0.35,-3.5,-0.27,129,332,38.9,400,29,60.8,43.6,98,90.8,61.8,182,6,3.3,18,1.38,14.8
GER-Bundesliga,2024-25,Dortmund,Alexander Meyer,GER,GK,33,1991,2.0,4,0,0,0,0,4.0,0.36,0.0,0.0,8,33,24.2,76,3,35.5,34.8,7,85.7,63.6,24,1,4.2,2,1.0,14.8
GER-Bundesliga,2024-25,Dortmund,Gregor Kobel,SUI,GK,26,1997,32.0,47,4,0,5,1,47.4,0.35,1.4,0.04,112,336,33.3,1117,126,23.7,28.6,121,58.7,45.3,420,22,5.2,47,1.47,15.7
GER-Bundesliga,2024-25,Eint Frankfurt,Kauã Santos,BRA,GK,21,2003,8.5,12,1,0,4,1,14.3,0.3,3.3,0.39,40,116,34.5,248,34,37.1,33.2,44,54.5,42.9,137,16,11.7,18,2.12,14.0
GER-Bundesliga,2024-25,Eint Frankfurt,Kevin Trapp,GER,GK,34,1990,25.5,34,0,0,6,1,34.9,0.3,1.9,0.08,89,312,28.5,813,123,31.7,29.9,130,41.5,36.9,394,24,6.1,28,1.1,13.6
GER-Bundesliga,2024-25,Freiburg,Florian Müller,GER,GK,26,1997,8.4,16,2,0,3,1,11.6,0.35,-3.4,-0.41,54,166,32.5,267,28,44.9,37.1,57,80.7,57.7,104,6,5.8,9,1.08,13.4
GER-Bundesliga,2024-25,Freiburg,Noah Atubolu,GER,GK,22,2002,25.6,37,0,1,3,0,37.0,0.3,0.0,0.0,159,414,38.4,1012,110,32.4,33.1,126,68.3,51.5,377,34,9.0,28,1.09,12.7
GER-Bundesliga,2024-25,Gladbach,Jonas Omlin,SUI,GK,30,1994,10.9,26,2,1,6,0,23.8,0.31,-2.2,-0.2,68,190,35.8,453,46,34.9,32.7,57,56.1,44.2,166,3,1.8,13,1.2,15.1
GER-Bundesliga,2024-25,Gladbach,Moritz Nicolas,GER,GK,26,1997,18.2,25,5,0,1,2,29.9,0.29,6.9,0.38,95,199,47.7,734,88,23.3,28.2,60,46.7,39.8,319,18,5.6,14,0.77,12.0
GER-Bundesliga,2024-25,Gladbach,Tiago Cardoso,LUX,GK,18,2006,4.2,3,0,0,0,0,4.7,0.2,1.7,0.39,23,62,37.1,148,22,27.0,29.2,31,71.0,48.9,96,14,14.6,1,0.24,5.6
GER-Bundesliga,2024-25,Gladbach,Tobias Sippel,GER,GK,36,1988,0.7,3,0,0,1,0,1.2,0.3,-1.8,-2.72,9,22,40.9,22,2,45.5,39.2,12,100.0,69.2,13,0,0.0,0,0.0,2.0
GER-Bundesliga,2024-25,Heidenheim,Frank Feller,GER,GK,20,2004,1.3,0,0,0,0,0,0.3,0.16,0.3,0.24,10,34,29.4,54,7,42.6,38.0,11,100.0,68.4,25,1,4.0,1,0.74,14.8
GER-Bundesliga,2024-25,Heidenheim,Kevin Müller,GER,GK,33,1991,32.7,64,6,0,7,0,59.3,0.33,-4.7,-0.14,152,428,35.5,1031,153,31.4,33.8,271,38.4,38.3,453,21,4.6,20,0.61,12.0
GER-Bundesliga,2024-25,Hoffenheim,Luca Philipp,GER,GK,23,2000,6.0,15,1,0,2,1,12.3,0.34,-1.7,-0.28,30,97,30.9,157,22,51.0,38.7,36,47.2,40.6,84,3,3.6,4,0.67,12.8
GER-Bundesliga,2024-25,Hoffenheim,Oliver Baumann,GER,GK,34,1990,28.0,53,2,1,7,2,52.1,0.36,1.1,0.04,178,478,37.2,923,121,41.6,36.5,136,69.1,50.8,407,18,4.4,31,1.11,14.5
GER-Bundesliga,2024-25,Holstein Kiel,Thomas Dähne,GER,GK,30,1994,9.0,19,2,1,1,1,18.5,0.3,0.5,0.06,47,133,35.3,304,55,25.7,30.3,91,60.4,45.6,177,15,8.5,5,0.56,9.3
GER-Bundesliga,2024-25,Holstein Kiel,Timon Weiner,GER,GK,25,1999,25.0,61,4,2,5,2,47.2,0.32,-11.8,-0.47,167,444,37.6,789,116,40.2,34.5,198,64.1,48.4,491,27,5.5,18,0.72,11.1
GER-Bundesliga,2024-25,Leverkusen,Lukáš Hrádecký,FIN,GK,34,1989,29.0,38,4,1,2,3,35.8,0.28,0.8,0.03,123,306,40.2,774,110,30.9,31.5,135,49.6,40.8,296,12,4.1,39,1.34,17.3
GER-Bundesliga,2024-25,Leverkusen,Matej Kovar,CZE,GK,24,2000,5.0,5,0,0,0,1,3.5,0.22,-0.5,-0.09,12,32,37.5,131,16,21.4,27.9,15,26.7,27.7,52,2,3.8,6,1.2,16.9
GER-Bundesliga,2024-25,Mainz 05,Lasse Rieß,GER,GK,23,2001,2.0,2,0,0,0,0,2.2,0.27,0.2,0.09,13,43,30.2,72,7,51.4,41.6,12,50.0,45.6,23,2,8.7,8,4.0,18.0
GER-Bundesliga,2024-25,Mainz 05,Robin Zentner,GER,GK,29,1994,32.0,41,4,2,9,0,45.0,0.29,4.0,0.12,175,567,30.9,977,132,46.2,38.7,179,64.8,52.1,524,45,8.6,58,1.81,14.0
GER-Bundesliga,2024-25,RB Leipzig,Maarten Vandevoordt,BEL,GK,22,2002,4.8,9,0,0,4,0,7.3,0.36,-1.7,-0.35,19,52,36.5,139,27,23.0,29.4,35,57.1,46.0,78,7,9.0,11,2.31,16.1
GER-Bundesliga,2024-25,RB Leipzig,Péter Gulácsi,HUN,GK,34,1990,29.2,39,2,1,4,0,42.6,0.3,3.6,0.12,79,209,37.8,705,140,20.3,28.6,196,33.7,34.3,434,23,5.3,34,1.16,14.8
GER-Bundesliga,2024-25,St. Pauli,Ben Alexander Voll,GER,GK,23,2000,1.0,2,0,0,0,0,2.4,0.48,0.4,0.41,7,28,25.0,37,5,59.5,44.7,13,46.2,39.7,15,0,0.0,0,0.0,
GER-Bundesliga,2024-25,St. Pauli,Nikola Vasilj,BIH,GK,28,1995,33.0,39,1,0,5,1,47.4,0.32,9.4,0.29,164,493,33.3,1267,107,34.2,32.7,134,44.8,38.0,411,24,5.8,27,0.82,12.8
GER-Bundesliga,2024-25,Stuttgart,Alexander Nübel,GER,GK,27,1996,34.0,53,2,1,7,1,44.8,0.32,-7.2,-0.21,157,410,38.3,1183,137,30.1,30.7,122,44.3,39.5,415,21,5.1,57,1.68,17.6
GER-Bundesliga,2024-25,Union Berlin,Alexander Schwolow,GER,GK,32,1992,6.0,13,1,0,0,0,9.7,0.32,-3.3,-0.55,28,73,38.4,166,26,31.3,31.0,40,52.5,42.6,85,0,0.0,4,0.67,14.2
GER-Bundesliga,2024-25,Union Berlin,Frederik Rønnow,DEN,GK,31,1992,28.0,37,1,1,1,1,39.3,0.32,3.3,0.12,143,395,36.2,734,135,36.6,34.3,161,78.3,54.3,483,40,8.3,35,1.25,13.4
GER-Bundesliga,2024-25,Werder Bremen,Michael Zetterer,GER,GK,29,1995,34.0,57,3,2,4,3,52.9,0.33,-1.1,-0.03,134,370,36.2,1204,188,27.7,31.9,107,33.6,36.8,464,35,7.5,34,1.0,13.5
GER-Bundesliga,2024-25,Wolfsburg,Kamil Grabara,POL,GK,25,1999,28.7,49,2,0,9,1,49.7,0.35,1.7,0.06,186,511,36.4,979,114,41.7,36.7,154,66.9,51.9,413,15,3.6,19,0.66,12.2
GER-Bundesliga,2024-25,Wolfsburg,Marius Müller,GER,GK,31,1993,5.3,5,0,0,2,0,7.6,0.33,2.6,0.49,37,97,38.1,184,29,39.1,36.6,34,73.5,51.4,99,9,9.1,3,0.57,11.7
ITA-Serie A,2024-25,Atalanta,Juan Musso,ARG,GK,30,1994,1.0,0,0,0,0,0,0.7,0.19,0.7,0.74,4,20,20.0,19,4,36.8,33.1,14,92.9,56.9,15,0,0.0,1,1.0,17.5
ITA-Serie A,2024-25,Atalanta,Marco Carnesecchi,ITA,GK,24,2000,34.0,34,2,0,4,2,36.1,0.28,4.1,0.12,121,374,32.4,878,177,28.2,32.3,201,62.7,48.2,319,21,6.6,45,1.32,14.5
ITA-Serie A,2024-25,Atalanta,Rui Patrício,POR,GK,36,1988,3.0,3,0,0,0,0,4.2,0.34,1.2,0.41,8,19,42.1,83,12,18.1,27.6,18,22.2,32.1,29,0,0.0,10,3.33,23.1
ITA-Serie A,2024-25,Bologna,Federico Ravaglia,ITA,GK,24,1999,11.7,14,1,0,2,0,11.7,0.46,-2.3,-0.2,48,138,34.8,426,45,27.5,30.8,47,44.7,40.4,97,11,11.3,9,0.77,12.9
ITA-Serie A,2024-25,Bologna,Łukasz Skorupski,POL,GK,33,1991,26.3,33,1,0,1,2,28.7,0.34,-2.3,-0.09,123,329,37.4,1005,113,27.9,31.6,95,51.6,44.7,215,18,8.4,23,0.88,13.0
ITA-Serie A,2024-25,Cagliari,Alen Sherri,ALB,GK,26,1997,6.9,11,0,0,0,0,10.9,0.35,-0.1,-0.02,29,84,34.5,168,22,35.7,32.2,57,42.1,37.0,85,4,4.7,5,0.72,11.1
ITA-Serie A,2024-25,Cagliari,Elia Caprile,ITA,GK,22,2001,18.0,22,1,0,4,0,23.5,0.35,1.5,0.08,132,332,39.8,546,93,44.1,36.8,159,57.2,45.2,266,18,6.8,23,1.28,15.6
ITA-Serie A,2024-25,Cagliari,Giuseppe Ciocci,ITA,GK,22,2002,0.1,0,0,0,0,0,0.0,,0.0,0.0,0,0,,1,0,0.0,6.0,0,,,0,0,,1,10.0,21.0
ITA-Serie A,2024-25,Cagliari,Simone Scuffet,ITA,GK,28,1996,13.0,23,5,0,6,0,20.4,0.28,-2.6,-0.2,71,181,39.2,305,50,42.0,35.5,99,53.5,42.3,189,6,3.2,7,0.54,11.8
ITA-Serie A,2024-25,Como,Emil Audero,IDN,GK,27,1997,8.0,18,4,0,2,0,12.4,0.27,-5.6,-0.7,17,55,30.9,232,30,22.0,28.6,21,19.0,27.5,95,5,5.3,8,1.0,12.9
ITA-Serie A,2024-25,Como,Jean Butez,FRA,GK,29,1995,18.5,20,2,0,1,0,20.1,0.27,0.1,0.0,90,235,38.3,709,92,30.2,32.0,43,48.8,42.7,190,22,11.6,51,2.76,18.2
ITA-Serie A,2024-25,Como,Pepe Reina,ESP,GK,41,1982,11.5,14,1,0,4,0,12.1,0.28,-1.9,-0.16,43,115,37.4,330,41,32.4,31.9,34,23.5,28.4,148,2,1.4,6,0.52,12.5
ITA-Serie A,2024-25,Empoli,Devis Vásquez,COL,GK,26,1998,32.0,45,1,0,4,0,40.2,0.31,-4.8,-0.15,161,560,28.8,953,104,48.5,39.0,150,65.3,52.0,490,36,7.3,15,0.47,10.9
ITA-Serie A,2024-25,Empoli,Jacopo Seghetti,ITA,GK,19,2005,1.0,3,0,0,0,0,1.9,0.31,-1.1,-1.12,3,9,33.3,16,5,37.5,33.8,5,60.0,39.0,4,0,0.0,1,1.0,26.0
ITA-Serie A,2024-25,Empoli,Marco Silvestri,ITA,GK,33,1991,5.0,11,0,0,3,1,8.0,0.32,-2.0,-0.41,35,85,41.2,135,16,60.7,41.8,13,23.1,25.2,62,1,1.6,4,0.8,12.6
ITA-Serie A,2024-25,Fiorentina,David de Gea,ESP,GK,33,1990,35.0,38,1,0,3,1,37.7,0.26,0.7,0.02,218,490,44.5,886,129,40.1,35.8,241,56.0,45.1,478,13,2.7,28,0.8,14.5
ITA-Serie A,2024-25,Fiorentina,Pietro Terracciano,ITA,GK,34,1990,3.0,3,0,0,0,0,3.1,0.24,0.1,0.03,8,25,32.0,78,14,28.2,28.8,11,27.3,26.5,20,1,5.0,3,1.0,17.0
ITA-Serie A,2024-25,Genoa,Benjamin Siegrist,SUI,GK,32,1992,1.7,2,0,0,0,0,2.4,0.2,0.4,0.23,6,30,20.0,54,9,33.3,35.9,19,63.2,46.7,26,1,3.8,1,0.59,6.2
ITA-Serie A,2024-25,Genoa,Daniele Sommariva,ITA,GK,27,1997,0.3,1,0,0,0,0,0.9,0.3,-0.1,-0.36,1,10,10.0,9,0,66.7,42.3,6,66.7,47.5,19,0,0.0,0,0.0,3.3
ITA-Serie A,2024-25,Genoa,Nicola Leali,ITA,GK,31,1993,29.0,31,3,0,4,3,34.3,0.29,6.3,0.22,150,391,38.4,722,112,39.3,33.9,214,50.0,41.1,390,21,5.4,14,0.48,11.2
ITA-Serie A,2024-25,Genoa,Pierluigi Gollini,ITA,GK,29,1995,7.0,15,3,0,1,0,12.2,0.29,-2.8,-0.39,33,75,44.0,198,21,24.7,30.4,52,50.0,44.4,92,2,2.2,2,0.29,9.6
ITA-Serie A,2024-25,Hellas Verona,Lorenzo Montipò,ITA,GK,28,1996,36.0,64,2,0,6,1,50.8,0.31,-12.2,-0.34,210,720,29.2,760,91,59.9,43.6,298,88.9,59.3,498,30,6.0,23,0.64,11.6
ITA-Serie A,2024-25,Hellas Verona,Simone Perilli,ITA,GK,29,1995,2.0,2,0,0,0,0,3.0,0.3,1.0,0.51,7,41,17.1,34,2,82.4,55.4,14,92.9,63.4,46,2,4.3,3,1.5,20.3
ITA-Serie A,2024-25,Inter,Josep Martinez,ESP,GK,26,1998,5.0,3,0,0,0,0,4.1,0.31,1.1,0.23,23,51,45.1,216,15,20.4,28.6,25,28.0,32.1,81,3,3.7,3,0.6,15.8
ITA-Serie A,2024-25,Inter,Yann Sommer,SUI,GK,35,1988,33.0,32,3,0,3,1,31.7,0.24,0.7,0.02,91,226,40.3,1199,136,16.9,26.6,126,18.3,27.5,356,14,3.9,14,0.42,13.2
ITA-Serie A,2024-25,Juventus,Mattia Perin,ITA,GK,31,1992,5.0,3,0,0,0,0,3.7,0.23,0.7,0.14,11,44,25.0,170,30,22.4,29.4,12,50.0,40.8,50,3,6.0,3,0.6,14.0
ITA-Serie A,2024-25,Juventus,Michele Di Gregorio,ITA,GK,27,1997,33.0,32,5,0,6,0,28.1,0.24,-3.9,-0.12,128,333,38.4,848,126,30.0,31.4,146,54.1,44.0,469,29,6.2,30,0.91,13.1
ITA-Serie A,2024-25,Lazio,Christos Mandas,GRE,GK,22,2001,9.0,7,0,0,1,0,7.9,0.29,0.9,0.1,42,124,33.9,308,36,36.4,35.9,25,48.0,41.8,130,20,15.4,22,2.44,16.8
ITA-Serie A,2024-25,Lazio,Ivan Provedel,ITA,GK,30,1994,29.0,42,4,0,3,2,31.5,0.32,-8.5,-0.29,146,374,39.0,1009,96,30.8,33.3,106,59.4,46.1,366,29,7.9,32,1.1,14.5
ITA-Serie A,2024-25,Lecce,Wladimiro Falcone,ITA,GK,29,1995,38.0,58,8,3,5,3,53.8,0.26,-1.2,-0.03,220,656,33.5,1017,120,51.9,39.1,178,71.9,50.2,590,29,4.9,19,0.5,11.0
ITA-Serie A,2024-25,Milan,Marco Sportiello,ITA,GK,32,1992,1.4,2,0,0,0,0,2.2,0.36,0.2,0.12,5,13,38.5,46,8,21.7,27.8,14,21.4,30.6,15,1,6.7,3,2.14,25.5
ITA-Serie A,2024-25,Milan,Mike Maignan,FRA,GK,29,1995,36.6,41,1,1,3,3,36.8,0.26,-1.2,-0.03,118,306,38.6,1355,174,17.4,27.8,194,36.1,38.6,447,26,5.8,68,1.86,18.7
ITA-Serie A,2024-25,Monza,Andrea Mazza,ITA,GK,20,2004,0.1,0,0,0,0,0,0.0,,0.0,0.0,1,2,50.0,5,1,20.0,24.0,2,50.0,40.0,1,0,0.0,0,0.0,
ITA-Serie A,2024-25,Monza,Semuel Pizzignacco,ITA,GK,22,2001,8.2,17,0,1,2,1,12.4,0.33,-3.6,-0.44,39,113,34.5,273,30,33.7,31.4,49,42.9,38.4,119,4,3.4,7,0.86,12.8
ITA-Serie A,2024-25,Monza,Stefano Turati,ITA,GK,22,2001,29.7,52,2,1,8,2,47.4,0.31,-2.6,-0.09,177,442,40.0,942,126,38.3,33.7,131,61.8,46.9,414,22,5.3,26,0.87,13.3
ITA-Serie A,2024-25,Napoli,Alex Meret,ITA,GK,27,1997,33.4,25,1,1,0,2,25.3,0.27,2.3,0.07,88,214,41.1,1041,117,15.4,27.7,181,29.8,34.9,378,21,5.6,47,1.41,16.5
ITA-Serie A,2024-25,Napoli,Elia Caprile,ITA,GK,22,2001,3.6,1,0,0,0,0,2.2,0.27,1.2,0.32,11,25,44.0,82,9,25.6,31.7,15,26.7,30.7,31,3,9.7,3,0.83,13.7
ITA-Serie A,2024-25,Napoli,Simone Scuffet,ITA,GK,28,1996,1.0,1,0,0,0,0,1.6,0.4,0.6,0.6,3,12,25.0,35,5,25.7,29.3,9,33.3,32.7,29,1,3.4,0,0.0,7.0
ITA-Serie A,2024-25,Parma,Leandro Chichizola,ARG,GK,34,1990,1.0,3,0,0,0,0,2.5,0.43,-0.5,-0.54,3,16,18.8,41,5,31.7,33.9,8,37.5,34.4,21,2,9.5,2,2.0,16.3
ITA-Serie A,2024-25,Parma,Zion Suzuki,JPN,GK,21,2002,36.8,53,5,3,5,2,51.4,0.32,0.4,0.01,204,669,30.5,1272,184,41.4,37.5,223,63.7,52.4,614,64,10.4,38,1.03,12.1
ITA-Serie A,2024-25,Roma,Mile Svilar,SRB,GK,24,1999,38.0,35,4,0,4,1,42.5,0.26,8.5,0.22,124,413,30.0,1258,170,23.8,30.6,200,56.5,45.5,495,30,6.1,33,0.87,13.7
ITA-Serie A,2024-25,Torino,Alberto Paleari,ITA,GK,31,1992,1.0,3,0,0,0,0,2.2,0.32,-0.8,-0.77,8,12,66.7,26,5,34.6,31.0,6,50.0,42.0,12,0,0.0,5,5.0,27.3
ITA-Serie A,2024-25,Torino,Vanja Milinković-Savić,SRB,GK,27,1997,37.0,42,3,1,7,2,51.4,0.27,11.4,0.31,223,702,31.8,1352,191,40.0,37.6,271,59.4,51.1,585,37,6.3,46,1.24,13.7
ITA-Serie A,2024-25,Udinese,Daniele Padelli,ITA,GK,38,1985,1.0,0,0,0,0,0,0.8,0.26,0.8,0.77,3,7,42.9,18,2,33.3,30.5,2,50.0,32.0,11,1,9.1,0,0.0,15.0
ITA-Serie A,2024-25,Udinese,Maduka Okoye,NGA,GK,24,1999,25.0,40,4,2,4,3,37.0,0.32,0.0,0.0,120,292,41.1,776,80,29.9,30.2,99,60.6,47.3,315,14,4.4,23,0.92,14.1
ITA-Serie A,2024-25,Udinese,Razvan Sava,ROU,GK,22,2002,12.0,16,3,1,4,2,14.5,0.24,0.5,0.04,44,148,29.7,337,26,33.2,32.2,55,65.5,47.5,202,4,2.0,13,1.08,14.8
ITA-Serie A,2024-25,Venezia,Filip Stankovic,SRB,GK,22,2002,15.2,23,4,0,3,1,25.2,0.26,3.2,0.21,48,161,29.8,439,51,29.4,31.6,73,43.8,34.3,249,12,4.8,13,0.86,10.8
ITA-Serie A,2024-25,Venezia,Ionuț Radu,ROU,GK,27,1997,15.0,18,3,0,2,0,19.2,0.26,1.2,0.08,67,275,24.4,470,61,47.7,40.2,73,69.9,55.3,215,13,6.0,3,0.2,9.1
ITA-Serie A,2024-25,Venezia,Jesse Joronen,FIN,GK,31,1993,7.8,15,3,0,3,2,12.6,0.26,-0.4,-0.05,20,84,23.8,260,46,28.1,31.0,41,26.8,34.9,125,6,4.8,5,0.64,9.4
NED-Eredivisie,2024-25,AZ Alkmaar,Jeroen Zoet,NED,GK,33,1991,6.0,3,0,0,0,1,1.5,0.13,-0.5,-0.08,37,117,31.6,180,12,50.6,39.0,45,57.8,47.0,65,4,6.2,4,0.67,12.9
NED-Eredivisie,2024-25,AZ Alkmaar,Rome-Jayden Owusu-Oduro,NED,GK,20,2004,28.0,34,1,0,3,1,28.9,0.32,-4.1,-0.15,120,358,33.5,716,87,40.5,36.7,118,57.6,48.9,317,26,8.2,14,0.5,13.5
NED-Eredivisie,2024-25,Ajax,Diant Ramaj,GER,GK,22,2001,1.0,0,0,0,0,0,0.2,0.11,0.2,0.22,1,10,10.0,47,3,21.3,28.2,5,0.0,21.4,5,0,0.0,1,1.0,16.0
NED-Eredivisie,2024-25,Ajax,Matheus,BRA,GK,32,1992,9.0,9,0,0,1,0,7.4,0.32,-1.6,-0.17,38,110,34.5,345,54,25.5,29.2,51,43.1,36.6,105,17,16.2,10,1.11,13.4
NED-Eredivisie,2024-25,Ajax,Remko Pasveer,NED,GK,40,1983,24.0,23,0,0,2,1,27.3,0.32,5.3,0.22,148,327,45.3,943,109,31.1,30.1,107,31.8,33.3,277,25,9.0,27,1.13,13.6
NED-Eredivisie,2024-25,Almere City,Jonas Wendlinger,AUT,GK,24,2000,0.1,0,0,0,0,0,0.0,,0.0,0.0,1,5,20.0,4,0,100.0,58.3,1,100.0,75.0,1,1,100.0,0,0.0,7.0
NED-Eredivisie,2024-25,Almere City,Nordin Bakker,NED,GK,26,1997,33.9,64,0,0,7,4,55.0,0.31,-5.0,-0.15,257,838,30.7,998,128,62.1,45.3,252,86.5,62.0,545,44,8.1,67,1.98,14.1
NED-Eredivisie,2024-25,Feyenoord,Justin Bijlow,NED,GK,26,1998,4.0,8,0,0,2,0,6.0,0.37,-2.0,-0.51,12,30,40.0,205,16,12.7,25.0,21,19.0,28.9,26,2,7.7,6,1.5,18.1
NED-Eredivisie,2024-25,Feyenoord,Plamen Andreev,BUL,GK,19,2004,1.0,2,1,0,1,0,1.4,0.2,-0.6,-0.55,5,11,45.5,36,3,27.8,29.0,2,50.0,40.5,6,1,16.7,6,6.0,28.5
NED-Eredivisie,2024-25,Feyenoord,Timon Wellenreuther,GER,GK,28,1995,29.0,28,1,0,3,0,32.0,0.31,4.0,0.14,129,321,40.2,1128,129,24.9,30.7,96,41.7,38.5,286,17,5.9,77,2.66,17.8
NED-Eredivisie,2024-25,Fortuna Sittard,Luuk Koopmans,NED,GK,30,1993,6.0,15,1,1,2,0,13.2,0.34,-1.8,-0.3,48,141,34.0,130,12,72.3,48.9,54,87.0,60.9,103,4,3.9,0,0.0,9.6
NED-Eredivisie,2024-25,Fortuna Sittard,Mattijs Branderhorst,NED,GK,30,1993,28.0,39,2,1,6,0,40.2,0.3,1.2,0.04,149,499,29.9,606,129,58.7,44.0,215,66.5,47.7,439,55,12.5,24,0.86,11.8
NED-Eredivisie,2024-25,Go Ahead Eag,Jari De Busser,BEL,GK,24,1999,16.0,23,1,0,3,1,21.0,0.23,-1.0,-0.06,68,234,29.1,662,83,29.2,31.9,85,48.2,44.0,311,15,4.8,19,1.19,13.3
NED-Eredivisie,2024-25,Go Ahead Eag,Luca Plogmann,GER,GK,24,2000,18.0,32,3,0,3,0,25.5,0.29,-6.5,-0.36,55,199,27.6,640,71,26.4,30.8,89,33.7,34.8,312,12,3.8,13,0.72,11.5
NED-Eredivisie,2024-25,Groningen,Etienne Vaessen,SUR,GK,29,1995,32.0,50,5,0,3,2,50.4,0.33,2.4,0.07,240,717,33.5,1073,103,51.9,40.6,196,81.6,58.8,448,41,9.2,41,1.28,13.6
NED-Eredivisie,2024-25,Groningen,Hidde Jurjus,NED,GK,30,1994,2.0,3,0,0,0,0,2.2,0.31,-0.8,-0.4,14,39,35.9,73,4,41.1,34.4,13,69.2,51.9,18,0,0.0,7,3.5,23.6
NED-Eredivisie,2024-25,Heerenveen,Andries Noppert,NED,GK,30,1994,15.2,24,1,0,2,1,24.3,0.36,1.3,0.09,65,227,28.6,539,58,31.2,31.3,92,64.1,48.2,192,13,6.8,24,1.58,15.3
NED-Eredivisie,2024-25,Heerenveen,Mickey van der Hart,NED,GK,30,1994,18.8,33,3,0,8,1,37.0,0.34,5.0,0.27,82,255,32.2,794,78,29.1,30.3,58,41.4,38.5,214,11,5.1,30,1.59,16.3
NED-Eredivisie,2024-25,Heracles Almelo,Fabian de Keijzer,NED,GK,24,2000,34.0,63,6,1,8,4,58.1,0.29,-0.9,-0.03,264,710,37.2,1050,83,52.2,41.6,250,64.8,52.8,508,12,2.4,23,0.68,13.2
NED-Eredivisie,2024-25,NAC Breda,Daniel Bielica,POL,GK,25,1999,32.0,52,6,0,6,1,52.2,0.29,1.2,0.04,182,406,44.8,874,145,31.2,32.3,263,50.6,40.7,513,23,4.5,26,0.81,13.6
NED-Eredivisie,2024-25,NAC Breda,Kostas Lamprou,GRE,GK,32,1991,1.0,3,0,0,0,0,2.3,0.46,-0.7,-0.69,8,20,40.0,53,4,32.1,34.8,3,100.0,67.0,16,0,0.0,1,1.0,11.8
NED-Eredivisie,2024-25,NAC Breda,Roy Kortsmit,NED,GK,31,1992,1.0,3,1,0,0,0,2.9,0.53,-0.1,-0.12,12,25,48.0,27,1,85.2,55.4,3,66.7,54.0,12,2,16.7,2,2.0,13.2
NED-Eredivisie,2024-25,NEC Nijmegen,Robin Roefs,NED,GK,21,2003,32.0,42,1,3,7,4,47.7,0.32,9.7,0.3,169,562,30.1,1072,137,41.1,36.4,202,59.9,48.8,465,52,11.2,45,1.41,13.9
NED-Eredivisie,2024-25,NEC Nijmegen,Stijn van Gassel,NED,GK,27,1996,2.0,4,1,0,0,0,4.5,0.25,0.5,0.27,4,36,11.1,60,17,36.7,35.9,22,63.6,50.9,51,2,3.9,3,1.5,12.6
NED-Eredivisie,2024-25,PSV Eindhoven,Joel Drommel,NED,GK,27,1996,0.5,0,0,0,0,0,0.0,,0.0,0.0,5,11,45.5,21,1,42.9,38.3,5,40.0,43.8,6,0,0.0,0,0.0,
NED-Eredivisie,2024-25,PSV Eindhoven,Walter Benítez,ARG,GK,31,1993,33.5,39,2,1,4,0,36.4,0.35,-2.6,-0.08,136,287,47.4,1158,126,20.5,27.3,140,35.7,35.1,303,20,6.6,49,1.46,16.2
NED-Eredivisie,2024-25,RKC Waalwijk,Jeroen Houwen,NED,GK,28,1996,24.0,48,2,0,6,2,45.4,0.33,-0.6,-0.03,178,433,41.1,735,95,44.4,37.3,191,56.0,45.4,380,17,4.5,21,0.88,12.1
NED-Eredivisie,2024-25,RKC Waalwijk,Joey Kesting,NED,GK,23,2001,3.0,5,3,0,0,0,5.1,0.21,0.1,0.04,25,53,47.2,86,7,48.8,38.0,17,64.7,47.2,51,0,0.0,2,0.67,10.8
NED-Eredivisie,2024-25,RKC Waalwijk,Mark Spenkelink,NED,GK,27,1997,4.0,12,2,0,1,0,10.0,0.35,-2.0,-0.49,22,66,33.3,155,10,37.4,33.4,14,57.1,47.1,59,1,1.7,1,0.25,10.6
NED-Eredivisie,2024-25,RKC Waalwijk,Yanick van Osch,NED,GK,27,1997,3.0,9,1,1,3,0,9.9,0.36,0.9,0.31,26,65,40.0,103,11,37.9,35.8,35,74.3,54.5,83,3,3.6,2,0.67,11.2
NED-Eredivisie,2024-25,Sparta R'dam,Nick Olij,NED,GK,28,1995,34.0,43,4,0,6,2,44.8,0.28,3.8,0.11,243,539,45.1,1341,143,33.6,33.1,154,57.8,46.8,568,46,8.1,24,0.71,12.1
NED-Eredivisie,2024-25,Twente,Lars Unnerstall,GER,GK,34,1990,31.0,39,2,0,3,0,35.8,0.35,-3.2,-0.1,109,332,32.8,892,147,31.1,31.1,173,31.8,33.1,403,23,5.7,36,1.16,13.2
NED-Eredivisie,2024-25,Twente,Przemysław Tytoń,POL,GK,37,1987,3.0,10,0,0,1,0,7.8,0.41,-2.2,-0.74,16,34,47.1,100,15,28.0,29.3,18,33.3,32.1,34,1,2.9,6,2.0,15.6
NED-Eredivisie,2024-25,Utrecht,Michael Brouwer,NED,GK,31,1993,3.0,1,1,0,0,0,3.3,0.26,2.3,0.76,17,58,29.3,82,11,50.0,40.1,24,70.8,54.0,64,0,0.0,4,1.33,15.3
NED-Eredivisie,2024-25,Utrecht,Vasilios Barkas,GRE,GK,30,1994,31.0,44,3,0,5,1,42.3,0.29,-0.7,-0.02,156,417,37.4,883,117,33.6,33.2,192,62.5,47.1,410,30,7.3,28,0.9,12.4
NED-Eredivisie,2024-25,Willem II,Thomas Didillon,FRA,GK,28,1995,34.0,56,6,0,6,3,60.7,0.31,7.7,0.23,239,621,38.5,905,128,47.3,37.9,278,69.4,50.8,620,36,5.8,11,0.32,9.4
NED-Eredivisie,2024-25,Zwolle,Jasper Schendelaar,NED,GK,23,2000,30.0,45,3,0,8,1,49.5,0.33,5.5,0.18,152,526,28.9,991,160,40.7,35.7,186,66.1,53.0,470,38,8.1,23,0.77,12.1
NED-Eredivisie,2024-25,Zwolle,Mike Hauptmeijer,NED,GK,27,1997,4.0,6,0,0,0,0,5.2,0.33,-0.8,-0.2,24,67,35.8,112,21,38.4,32.1,33,72.7,47.7,80,7,8.8,1,0.25,9.3
POR-Primeira Liga,2024-25,AVS Futebol,Guillermo Ochoa,MEX,GK,39,1985,23.0,45,1,1,7,1,39.4,0.33,-4.6,-0.2,128,293,43.7,486,90,40.1,35.6,219,44.7,38.4,378,8,2.1,16,0.7,14.0
POR-Primeira Liga,2024-25,AVS Futebol,Simão Bertelli,BRA,GK,31,1993,11.0,15,2,0,1,0,21.1,0.34,6.1,0.55,60,154,39.0,295,45,36.3,35.0,82,57.3,45.0,150,8,5.3,8,0.73,13.8
POR-Primeira Liga,2024-25,Arouca,João Valido,POR,GK,24,2000,5.0,6,1,0,1,0,5.5,0.24,-0.5,-0.1,17,32,53.1,105,22,20.0,27.6,50,22.0,27.0,70,9,12.9,8,1.6,14.0
POR-Primeira Liga,2024-25,Arouca,Nico Mantl,GER,GK,24,2000,29.0,43,8,1,8,2,40.6,0.29,-0.4,-0.01,115,284,40.5,746,127,26.3,29.0,202,43.6,37.2,445,22,4.9,42,1.45,15.1
POR-Primeira Liga,2024-25,Benfica,Anatolii Trubin,UKR,GK,22,2001,32.0,28,2,1,2,0,33.5,0.31,5.5,0.17,73,196,37.2,696,137,19.0,27.3,163,39.3,38.4,287,22,7.7,18,0.56,12.2
POR-Primeira Liga,2024-25,Benfica,Samuel Soares,POR,GK,22,2002,2.0,0,0,0,0,0,1.0,0.04,1.0,0.51,2,6,33.3,28,11,7.1,24.1,10,40.0,37.7,13,2,15.4,1,0.5,11.9
POR-Primeira Liga,2024-25,Boavista,César,BRA,GK,32,1992,16.0,30,3,0,3,2,28.6,0.34,0.6,0.04,75,219,34.2,251,60,54.6,41.2,125,65.6,46.2,213,18,8.5,10,0.63,12.7
POR-Primeira Liga,2024-25,Boavista,João Gonçalves,POR,GK,23,2000,4.0,2,0,0,0,0,3.3,0.41,1.3,0.33,31,88,35.2,74,3,70.3,48.7,36,100.0,64.3,59,1,1.7,1,0.25,14.0
POR-Primeira Liga,2024-25,Boavista,Tomáš Vaclík,CZE,GK,35,1989,12.0,22,3,0,3,1,22.9,0.28,1.9,0.16,75,195,38.5,247,65,47.8,38.4,120,64.2,47.4,202,11,5.4,12,1.0,14.0
POR-Primeira Liga,2024-25,Boavista,Tomé,POR,GK,17,2006,2.0,5,0,0,0,0,2.3,0.24,-2.7,-1.36,13,44,29.5,21,0,85.7,55.2,26,100.0,62.1,33,0,0.0,2,1.0,14.0
POR-Primeira Liga,2024-25,Braga,Lukáš Horníček,CZE,GK,22,2002,17.0,11,1,1,1,0,13.4,0.22,2.4,0.14,62,209,29.7,538,91,29.9,31.6,92,52.2,43.4,202,16,7.9,34,2.0,17.3
POR-Primeira Liga,2024-25,Braga,Matheus,BRA,GK,32,1992,17.0,19,2,0,2,1,17.6,0.24,-0.4,-0.02,42,167,25.1,478,72,28.5,31.9,106,29.2,31.6,183,9,4.9,25,1.47,17.4
POR-Primeira Liga,2024-25,Casa Pia,Daniel Azevedo,POR,GK,26,1998,1.0,2,0,0,0,0,2.1,0.68,0.1,0.12,1,10,10.0,19,1,26.3,32.7,9,55.6,47.0,20,1,5.0,1,1.0,8.3
POR-Primeira Liga,2024-25,Casa Pia,Patrick Sequeira,CRC,GK,25,1999,32.0,41,6,0,3,1,42.5,0.25,2.5,0.08,118,442,26.7,919,160,35.4,33.6,190,61.6,46.7,472,37,7.8,24,0.75,11.7
POR-Primeira Liga,2024-25,Casa Pia,Ricardo Batista,POR,GK,37,1986,1.0,1,1,0,0,0,0.8,0.02,-0.2,-0.23,1,2,50.0,31,3,6.5,24.7,3,0.0,18.7,10,0,0.0,2,2.0,14.7
POR-Primeira Liga,2024-25,Estoril,Daniel Figueira,POR,GK,26,1998,1.0,4,1,0,0,0,2.4,0.23,-1.6,-1.55,2,6,33.3,19,6,21.1,27.2,5,40.0,26.6,16,1,6.3,0,0.0,9.4
POR-Primeira Liga,2024-25,Estoril,Joel Robles,ESP,GK,34,1990,29.0,46,5,0,3,0,50.0,0.35,4.0,0.14,159,513,31.0,659,111,53.0,40.5,222,73.9,52.8,405,17,4.2,43,1.48,14.7
POR-Primeira Liga,2024-25,Estoril,Kevin Chamorro,CRC,GK,24,2000,4.0,3,1,0,0,0,3.7,0.26,0.7,0.17,12,57,21.1,81,11,44.4,37.1,22,95.5,67.9,46,4,8.7,13,3.25,18.1
POR-Primeira Liga,2024-25,Estrela,Bruno Brigido,BRA,GK,33,1991,17.5,30,2,1,6,1,27.3,0.33,-1.7,-0.09,66,243,27.2,425,90,36.9,36.3,132,65.2,51.0,257,9,3.5,15,0.86,13.3
POR-Primeira Liga,2024-25,Estrela,Francisco Meixedo,POR,GK,23,2001,0.5,0,0,0,0,0,0.2,0.07,0.2,0.41,4,9,44.4,14,4,35.7,35.6,7,57.1,44.4,6,0,0.0,0,0.0,9.0
POR-Primeira Liga,2024-25,Estrela,João Paulo Santos Costa,POR,GK,28,1996,14.0,17,3,0,2,0,19.0,0.3,2.0,0.14,94,244,38.5,312,37,50.0,38.4,120,73.3,53.0,181,2,1.1,14,1.0,15.5
POR-Primeira Liga,2024-25,Estrela,Marko Gudžulić,SRB,GK,22,2002,2.0,3,0,0,1,1,2.5,0.19,0.5,0.27,15,48,31.3,54,7,55.6,44.3,19,94.7,61.3,37,4,10.8,1,0.5,9.7
POR-Primeira Liga,2024-25,Famalicão,Ivan Zlobin,RUS,GK,27,1997,15.0,18,1,0,2,0,23.0,0.35,5.0,0.33,48,158,30.4,353,61,30.3,31.1,92,55.4,43.3,212,16,7.5,7,0.47,10.6
POR-Primeira Liga,2024-25,Famalicão,Lazar Carević,MNE,GK,25,1999,18.0,21,3,0,1,1,23.7,0.28,3.7,0.21,71,183,38.8,430,71,31.4,32.6,97,49.5,39.5,247,6,2.4,18,1.0,14.6
POR-Primeira Liga,2024-25,Famalicão,Luiz Lúcio Reis Júnior,BRA,GK,23,2001,1.0,0,0,0,0,0,0.3,0.17,0.3,0.35,11,24,45.8,32,7,59.4,44.6,6,83.3,57.8,17,3,17.6,2,2.0,10.7
POR-Primeira Liga,2024-25,Farense,Kaique,BRA,GK,21,2003,6.0,6,0,1,1,0,7.1,0.35,1.1,0.18,31,104,29.8,170,33,40.6,37.3,53,66.0,51.9,115,5,4.3,1,0.17,11.0
POR-Primeira Liga,2024-25,Farense,Ricardo Velho,POR,GK,25,1998,28.0,40,6,0,2,2,40.1,0.29,2.1,0.08,155,463,33.5,636,109,45.4,40.4,254,68.5,52.0,453,31,6.8,24,0.86,11.9
POR-Primeira Liga,2024-25,Gil Vicente FC,Andrew,BRA,GK,23,2001,33.0,46,6,1,11,1,42.9,0.32,-2.1,-0.06,129,357,36.1,969,158,25.1,31.5,278,41.0,39.5,488,36,7.4,34,1.03,13.5
POR-Primeira Liga,2024-25,Gil Vicente FC,Brian Araújo,FRA,GK,24,2000,1.0,1,0,0,1,0,1.0,0.35,0.0,0.04,5,9,55.6,28,3,32.1,34.1,3,0.0,22.7,14,0,0.0,2,2.0,17.7
POR-Primeira Liga,2024-25,Moreirense,Caio Secco,BRA,GK,33,1990,5.0,8,2,0,0,0,7.4,0.26,-0.6,-0.12,12,66,18.2,113,21,42.5,37.9,40,45.0,39.4,92,5,5.4,11,2.22,18.0
POR-Primeira Liga,2024-25,Moreirense,Kewin,BRA,GK,28,1995,29.0,42,3,1,6,0,39.3,0.33,-2.7,-0.09,154,440,35.0,789,126,38.7,35.0,229,59.0,43.8,472,36,7.6,19,0.66,10.6
POR-Primeira Liga,2024-25,Moreirense,Mika,POR,GK,33,1991,0.0,0,0,0,0,0,0.0,,0.0,0.0,0,0,,2,0,0.0,26.5,0,,,0,0,,0,0.0,13.0
POR-Primeira Liga,2024-25,Nacional,Lucas França,BRA,GK,28,1996,32.5,46,7,0,8,0,48.9,0.29,2.9,0.09,167,482,34.6,663,108,41.5,36.8,308,67.2,48.0,509,33,6.5,24,0.74,11.4
POR-Primeira Liga,2024-25,Nacional,Rui Encarnação,POR,GK,26,1998,1.5,4,2,0,0,0,2.8,0.17,-1.2,-0.78,5,14,35.7,30,2,26.7,31.6,7,85.7,52.4,19,0,0.0,2,1.33,15.7
POR-Primeira Liga,2024-25,Porto,Cláudio Ramos,POR,GK,32,1991,2.0,3,1,0,0,0,3.3,0.3,0.3,0.14,4,10,40.0,44,6,18.2,24.7,7,28.6,32.7,14,2,14.3,2,1.0,15.1
POR-Primeira Liga,2024-25,Porto,Diogo Costa,POR,GK,24,1999,32.0,27,5,1,4,1,29.2,0.28,3.2,0.1,132,305,43.3,1072,139,23.3,29.2,146,37.7,37.1,310,19,6.1,51,1.59,18.5
POR-Primeira Liga,2024-25,Rio Ave,Cezary Miszta,POL,GK,22,2001,25.8,42,3,0,5,5,40.8,0.31,3.8,0.15,105,349,30.1,696,124,34.3,33.9,225,48.9,43.5,406,19,4.7,24,0.93,13.2
POR-Primeira Liga,2024-25,Rio Ave,Jhonatan,BRA,GK,33,1991,8.0,13,0,0,0,0,12.3,0.29,-0.7,-0.09,30,102,29.4,231,40,26.4,32.3,78,52.6,42.2,126,3,2.4,5,0.63,12.0
POR-Primeira Liga,2024-25,Rio Ave,Matheus Teixeira,BRA,GK,25,1999,0.2,0,0,0,0,0,0.0,,0.0,0.0,0,3,0.0,8,0,12.5,26.8,2,100.0,67.0,1,0,0.0,0,0.0,8.0
POR-Primeira Liga,2024-25,Santa Clara,Gabriel Batista,BRA,GK,26,1998,34.0,32,4,1,5,0,29.1,0.22,-2.9,-0.09,164,518,31.7,738,118,47.4,39.6,283,59.4,48.1,453,39,8.6,27,0.79,12.5
POR-Primeira Liga,2024-25,Sporting CP,Franco Israel,URU,GK,24,2000,11.0,9,0,1,0,0,7.0,0.3,-2.0,-0.18,13,33,39.4,214,45,10.3,23.3,50,22.0,27.4,99,2,2.0,4,0.36,11.3
POR-Primeira Liga,2024-25,Sporting CP,Rui Silva,POR,GK,30,1994,17.0,13,4,0,1,2,13.5,0.31,2.5,0.15,44,121,36.4,294,51,26.9,30.1,91,46.2,39.5,185,12,6.5,28,1.65,19.4
POR-Primeira Liga,2024-25,Sporting CP,Vladan Kovačević,BIH,GK,26,1998,6.0,5,0,0,0,0,3.7,0.23,-1.3,-0.21,6,16,37.5,98,20,13.3,22.6,14,21.4,28.5,52,3,5.8,4,0.67,14.5
POR-Primeira Liga,2024-25,Vitória,Bruno Varela,CPV,GK,29,1994,34.0,37,5,0,5,0,32.9,0.3,-4.1,-0.12,115,311,37.0,875,120,24.1,30.6,235,42.6,38.5,389,21,5.4,35,1.03,14.8
